Workbook

Sheet input Licensee sales
AF1: 1447.6657
E2: =SUM(E5:E4930) -> 14982.584 | F2: =SUM(F5:F4929) -> 3.0262652e+08 | G2: =SUM(G5:G4930) -> 22213.506 | H2: =SUM(H5:H4929) -> 4.7951415e+08 | I2: =SUM(I5:I4930) -> 19865.003 | J2: =SUM(J5:J4929) -> 4.3778361e+08 | K2: =SUM(K5:K4930) -> 30709.589 | L2: =SUM(L5:L4929) -> 7.039591e+08 | M2: =SUM(M5:M4930) -> 19682.843 | N2: =SUM(N5:N4929) -> 4.6500257e+08 | O2: =SUM(O5:O4930) -> 19497.333 | P2: =SUM(P5:P4929) -> 4.8842752e+08 | Q2: =SUM(Q5:Q4930) -> 15145.169 | R2: =SUM(R5:R4929) -> 3.6582624e+08 | S2: =SUM(S5:S4930) -> 0 | T2: =SUM(T5:T4929) -> 0 | U2: =SUM(U5:U4930) -> 0 | V2: =SUM(V5:V4929) -> 0 | W2: =SUM(W5:W4930) -> 0 | X2: =SUM(X5:X4929) -> 0 | Y2: =SUM(Y5:Y4930) -> 0 | Z2: =SUM(Z5:Z4929) -> 0 | AA2: =SUM(AA5:AA4929) -> 0 | AB2: =SUM(AB5:AB4929) -> 0 | AC2: =SUM(AC5:AC4930) -> 142096.03 | AD2: =SUM(AD5:AD4929) -> 3.2431397e+09 | AF2: 1408.9662
E3: units | F3: amounts | G3: units | H3: amounts | I3: units | J3: amounts | K3: units | L3: amounts | M3: units | N3: amounts | O3: units | P3: amounts | Q3: units | R3: amounts | S3: units | T3: amounts | U3: units | V3: amounts | W3: units | X3: amounts | Y3: units | Z3: amounts | AA3: units | AB3: amounts | AF3: 1382.7578
A4: Customer | B4: City / Province | C4: Store Type | D4: Product group | E4: 46023 | G4: 46054 | I4: 46082 | K4: 46113 | M4: 46143 | O4: 46174 | Q4: 46204 | S4: 46235 | U4: 46266 | W4: 46296 | Y4: 46327 | AA4: 46357 | AC4: YTD_Units | AD4: YTD_Sales | AF4: =(AF1+AF2+AF3)/3 -> 1413.1299 | AH4: =(AH1+AH2+AH3)/3 -> 0 | AJ4: =(AJ1+AJ2+AJ3)/3 -> 0 | AL4: =(AL1+AL2+AL3)/3 -> 0
A5: DABRA S.A. | B5: Cap Fed | C5: Multibrand | D5: LW | E5: -29.333 | F5: -666772.32 | G5: 6029 | H5: 1.2503203e+08 | I5: 4501 | J5: 85375575 | K5: 9749.5 | L5: 2.1910437e+08 | M5: 5282 | N5: 1.2235736e+08 | O5: 3035.75 | P5: 72362393 | Q5: 3135 | R5: 74479596 | AC5: =AA5+Y5+W5+U5+S5+Q5+O5+M5+K5+I5+G5+E5 -> 31702.917 | AD5: =AB5+Z5+X5+V5+T5+R5+P5+N5+L5+J5+H5+F5 -> 6.9804456e+08 | AE5: =E5+G5+I5 -> 10500.667 | AF5: =(F5+H5+J5)/$AF$4 -> 148422.9 | AG5: =K5+M5+O5 -> 18067.25 | AH5: =(L5+N5+P5)/$AH$4 -> #DIV/0! | AI5: =U5+S5+Q5 -> 3135 | AJ5: =(V5+T5+R5)/$AJ$4 -> #DIV/0! | AK5: =W5+Y5+AA5 -> 0 | AL5: =(X5+Z5+AB5)/$AL$4 -> #DIV/0!
A6: FALCON ESTEBAN LECINA | B6: Cap Fed | C6: Multibrand | D6: LW | E6: 36.75 | F6: 1030690.8 | I6: 0 | J6: 0 | AC6: =AA6+Y6+W6+U6+S6+Q6+O6+M6+K6+I6+G6+E6 -> 36.75 | AD6: =AB6+Z6+X6+V6+T6+R6+P6+N6+L6+J6+H6+F6 -> 1030690.8 | AE6: =E6+G6+I6 -> 36.75 | AF6: =(F6+H6+J6)/$AF$4 -> 729.36734 | AG6: =K6+M6+O6 -> 0 | AH6: =(L6+N6+P6)/$AH$4 -> #DIV/0! | AI6: =U6+S6+Q6 -> 0 | AJ6: =(V6+T6+R6)/$AJ$4 -> #DIV/0! | AK6: =W6+Y6+AA6 -> 0 | AL6: =(X6+Z6+AB6)/$AL$4 -> #DIV/0!
A7: JOSE MARIA BRUNO | B7: Cap Fed | C7: Multibrand | D7: LW | K7: 260 | L7: 5821203.8 | O7: 0 | P7: 0 | AC7: =AA7+Y7+W7+U7+S7+Q7+O7+M7+K7+I7+G7+E7 -> 260 | AD7: =AB7+Z7+X7+V7+T7+R7+P7+N7+L7+J7+H7+F7 -> 5821203.8 | AE7: =E7+G7+I7 -> 0 | AF7: =(F7+H7+J7)/$AF$4 -> 0 | AG7: =K7+M7+O7 -> 260 | AH7: =(L7+N7+P7)/$AH$4 -> #DIV/0! | AI7: =U7+S7+Q7 -> 0 | AJ7: =(V7+T7+R7)/$AJ$4 -> #DIV/0! | AK7: =W7+Y7+AA7 -> 0 | AL7: =(X7+Z7+AB7)/$AL$4 -> #DIV/0!
A8: PUMA SPORTS ARGENTINA S.A | B8: Cap Fed | C8: Puma Stores | D8: LW | E8: 6199 | F8: 1.1629085e+08 | G8: 638 | H8: 11211060 | I8: 245.5 | J8: 5788201.6 | K8: 8741 | L8: 1.7934306e+08 | M8: 3555 | N8: 85834356 | O8: 3201.5 | P8: 72878619 | Q8: 130.5 | R8: 2604360 | AC8: =AA8+Y8+W8+U8+S8+Q8+O8+M8+K8+I8+G8+E8 -> 22710.5 | AD8: =AB8+Z8+X8+V8+T8+R8+P8+N8+L8+J8+H8+F8 -> 4.7395051e+08 | AE8: =E8+G8+I8 -> 7082.5 | AF8: =(F8+H8+J8)/$AF$4 -> 94322.619 | AG8: =K8+M8+O8 -> 15497.5 | AH8: =(L8+N8+P8)/$AH$4 -> #DIV/0! | AI8: =U8+S8+Q8 -> 130.5 | AJ8: =(V8+T8+R8)/$AJ$4 -> #DIV/0! | AK8: =W8+Y8+AA8 -> 0 | AL8: =(X8+Z8+AB8)/$AL$4 -> #DIV/0!
A9: ML FULL | B9: Cap Fed | C9: Multibrand | D9: LW | G9: -13.084 | H9: -233674.8 | I9: 1026.417 | J9: 20729133 | K9: 389.001 | L9: 8015969.1 | O9: 226.167 | P9: 5255769.8 | Q9: 95.001 | R9: 2267493.4 | AC9: =AA9+Y9+W9+U9+S9+Q9+O9+M9+K9+I9+G9+E9 -> 1723.502 | AD9: =AB9+Z9+X9+V9+T9+R9+P9+N9+L9+J9+H9+F9 -> 36034690 | AE9: =E9+G9+I9 -> 1013.333 | AF9: =(F9+H9+J9)/$AF$4 -> 14503.591 | AG9: =K9+M9+O9 -> 615.168 | AH9: =(L9+N9+P9)/$AH$4 -> #DIV/0! | AI9: =U9+S9+Q9 -> 95.001 | AJ9: =(V9+T9+R9)/$AJ$4 -> #DIV/0! | AK9: =W9+Y9+AA9 -> 0 | AL9: =(X9+Z9+AB9)/$AL$4 -> #DIV/0!
A10: COSANELLI ANIBAL | B10: Cap Fed | C10: Multibrand | D10: LW | G10: 126 | H10: 3650176.8 | I10: 106 | J10: 2954880 | K10: 39 | L10: 932239.2 | O10: 90 | P10: 2602893.6 | Q10: 28 | R10: 688034.56 | AC10: =AA10+Y10+W10+U10+S10+Q10+O10+M10+K10+I10+G10+E10 -> 389 | AD10: =AB10+Z10+X10+V10+T10+R10+P10+N10+L10+J10+H10+F10 -> 10828224 | AE10: =E10+G10+I10 -> 232 | AF10: =(F10+H10+J10)/$AF$4 -> 4674.062 | AG10: =K10+M10+O10 -> 129 | AH10: =(L10+N10+P10)/$AH$4 -> #DIV/0! | AI10: =U10+S10+Q10 -> 28 | AJ10: =(V10+T10+R10)/$AJ$4 -> #DIV/0! | AK10: =W10+Y10+AA10 -> 0 | AL10: =(X10+Z10+AB10)/$AL$4 -> #DIV/0!
A11: GRAELLS NELSON ANTONIO | B11: Cap Fed | C11: Multibrand | D11: LW | G11: 785.5 | H11: 17327990 | I11: 271.5 | J11: 5825337.3 | K11: 1056 | L11: 25499208 | M11: 351 | N11: 8759887 | O11: 457.5 | P11: 11679518 | Q11: 695.5 | R11: 17042507 | AC11: =AA11+Y11+W11+U11+S11+Q11+O11+M11+K11+I11+G11+E11 -> 3617 | AD11: =AB11+Z11+X11+V11+T11+R11+P11+N11+L11+J11+H11+F11 -> 86134447 | AE11: =E11+G11+I11 -> 1057 | AF11: =(F11+H11+J11)/$AF$4 -> 16384.429 | AG11: =K11+M11+O11 -> 1864.5 | AH11: =(L11+N11+P11)/$AH$4 -> #DIV/0! | AI11: =U11+S11+Q11 -> 695.5 | AJ11: =(V11+T11+R11)/$AJ$4 -> #DIV/0! | AK11: =W11+Y11+AA11 -> 0 | AL11: =(X11+Z11+AB11)/$AL$4 -> #DIV/0!
A12: LEVI NESTOR | B12: Cap Fed | C12: Multibrand | D12: LW | I12: 9 | J12: 263057.4 | AC12: =AA12+Y12+W12+U12+S12+Q12+O12+M12+K12+I12+G12+E12 -> 9 | AD12: =AB12+Z12+X12+V12+T12+R12+P12+N12+L12+J12+H12+F12 -> 263057.4 | AE12: =E12+G12+I12 -> 9 | AF12: =(F12+H12+J12)/$AF$4 -> 186.15231 | AG12: =K12+M12+O12 -> 0 | AH12: =(L12+N12+P12)/$AH$4 -> #DIV/0! | AI12: =U12+S12+Q12 -> 0 | AJ12: =(V12+T12+R12)/$AJ$4 -> #DIV/0! | AK12: =W12+Y12+AA12 -> 0 | AL12: =(X12+Z12+AB12)/$AL$4 -> #DIV/0!
A13: CARLOS ROSSETTI S.A. | B13: Cap Fed | C13: Multibrand | D13: LW | G13: 2629.5 | H13: 55731766 | I13: 388.5 | J13: 6471501.3 | M13: 1779.5 | N13: 39855163 | AC13: =AA13+Y13+W13+U13+S13+Q13+O13+M13+K13+I13+G13+E13 -> 4797.5 | AD13: =AB13+Z13+X13+V13+T13+R13+P13+N13+L13+J13+H13+F13 -> 1.0205843e+08 | AE13: =E13+G13+I13 -> 3018 | AF13: =(F13+H13+J13)/$AF$4 -> 44018.081 | AG13: =K13+M13+O13 -> 1779.5 | AH13: =(L13+N13+P13)/$AH$4 -> #DIV/0! | AI13: =U13+S13+Q13 -> 0 | AJ13: =(V13+T13+R13)/$AJ$4 -> #DIV/0! | AK13: =W13+Y13+AA13 -> 0 | AL13: =(X13+Z13+AB13)/$AL$4 -> #DIV/0!
A14: DE LUCA HECTOR DAMIAN | B14: Cap Fed | C14: Multibrand | D14: LW | K14: 37.5 | L14: 1022392.8 | AC14: =AA14+Y14+W14+U14+S14+Q14+O14+M14+K14+I14+G14+E14 -> 37.5 | AD14: =AB14+Z14+X14+V14+T14+R14+P14+N14+L14+J14+H14+F14 -> 1022392.8 | AE14: =E14+G14+I14 -> 0 | AF14: =(F14+H14+J14)/$AF$4 -> 0 | AG14: =K14+M14+O14 -> 37.5 | AH14: =(L14+N14+P14)/$AH$4 -> #DIV/0! | AI14: =U14+S14+Q14 -> 0 | AJ14: =(V14+T14+R14)/$AJ$4 -> #DIV/0! | AK14: =W14+Y14+AA14 -> 0 | AL14: =(X14+Z14+AB14)/$AL$4 -> #DIV/0!
A15: FIRST LABEL.SRL | B15: Cap Fed | C15: Multibrand | D15: LW | E15: 126.666 | F15: 2620274.3 | G15: 347.417 | H15: 7246937.9 | I15: 196.75 | J15: 4187642.2 | K15: 307.002 | L15: 7329410.5 | M15: 253.833 | N15: 5600952.2 | O15: 65.75 | P15: 1715604.3 | Q15: 205.501 | R15: 4716714.2 | AC15: =AA15+Y15+W15+U15+S15+Q15+O15+M15+K15+I15+G15+E15 -> 1502.919 | AD15: =AB15+Z15+X15+V15+T15+R15+P15+N15+L15+J15+H15+F15 -> 33417536 | AE15: =E15+G15+I15 -> 670.833 | AF15: =(F15+H15+J15)/$AF$4 -> 9945.904 | AG15: =K15+M15+O15 -> 626.585 | AH15: =(L15+N15+P15)/$AH$4 -> #DIV/0! | AI15: =U15+S15+Q15 -> 205.501 | AJ15: =(V15+T15+R15)/$AJ$4 -> #DIV/0! | AK15: =W15+Y15+AA15 -> 0 | AL15: =(X15+Z15+AB15)/$AL$4 -> #DIV/0!
A16: DAVID COMIZZO DEPORTES S.C | B16: NEA | C16: Multibrand | D16: LW | G16: 122.5 | H16: 2881775 | I16: 77.5 | J16: 1965678.9 | M16: 94.5 | N16: 2351060.2 | Q16: 58.25 | R16: 1511801.4 | AC16: =AA16+Y16+W16+U16+S16+Q16+O16+M16+K16+I16+G16+E16 -> 352.75 | AD16: =AB16+Z16+X16+V16+T16+R16+P16+N16+L16+J16+H16+F16 -> 8710315.5 | AE16: =E16+G16+I16 -> 200 | AF16: =(F16+H16+J16)/$AF$4 -> 3430.2961 | AG16: =K16+M16+O16 -> 94.5 | AH16: =(L16+N16+P16)/$AH$4 -> #DIV/0! | AI16: =U16+S16+Q16 -> 58.25 | AJ16: =(V16+T16+R16)/$AJ$4 -> #DIV/0! | AK16: =W16+Y16+AA16 -> 0 | AL16: =(X16+Z16+AB16)/$AL$4 -> #DIV/0!
A17: LONGHI MARCELO | B17: NEA | C17: Multibrand | D17: LW | G17: 33.75 | H17: 698862.65 | K17: 31.25 | L17: 733961.58 | O17: 31 | P17: 758448.24 | Q17: 15.25 | R17: 419633.13 | AC17: =AA17+Y17+W17+U17+S17+Q17+O17+M17+K17+I17+G17+E17 -> 111.25 | AD17: =AB17+Z17+X17+V17+T17+R17+P17+N17+L17+J17+H17+F17 -> 2610905.6 | AE17: =E17+G17+I17 -> 33.75 | AF17: =(F17+H17+J17)/$AF$4 -> 494.54947 | AG17: =K17+M17+O17 -> 62.25 | AH17: =(L17+N17+P17)/$AH$4 -> #DIV/0! | AI17: =U17+S17+Q17 -> 15.25 | AJ17: =(V17+T17+R17)/$AJ$4 -> #DIV/0! | AK17: =W17+Y17+AA17 -> 0 | AL17: =(X17+Z17+AB17)/$AL$4 -> #DIV/0!
A18: OSOPPO S.A. | B18: NEA | C18: Multibrand | D18: LW | G18: -1.5 | H18: -33259.08 | I18: 46 | J18: 1223937.5 | O18: 29 | P18: 786654.81 | AC18: =AA18+Y18+W18+U18+S18+Q18+O18+M18+K18+I18+G18+E18 -> 73.5 | AD18: =AB18+Z18+X18+V18+T18+R18+P18+N18+L18+J18+H18+F18 -> 1977333.2 | AE18: =E18+G18+I18 -> 44.5 | AF18: =(F18+H18+J18)/$AF$4 -> 842.58244 | AG18: =K18+M18+O18 -> 29 | AH18: =(L18+N18+P18)/$AH$4 -> #DIV/0! | AI18: =U18+S18+Q18 -> 0 | AJ18: =(V18+T18+R18)/$AJ$4 -> #DIV/0! | AK18: =W18+Y18+AA18 -> 0 | AL18: =(X18+Z18+AB18)/$AL$4 -> #DIV/0!
A19: SIAN S.A. | B19: NEA | C19: Multibrand | D19: LW | O19: 180 | P19: 4736397.8 | AC19: =AA19+Y19+W19+U19+S19+Q19+O19+M19+K19+I19+G19+E19 -> 180 | AD19: =AB19+Z19+X19+V19+T19+R19+P19+N19+L19+J19+H19+F19 -> 4736397.8 | AE19: =E19+G19+I19 -> 0 | AF19: =(F19+H19+J19)/$AF$4 -> 0 | AG19: =K19+M19+O19 -> 180 | AH19: =(L19+N19+P19)/$AH$4 -> #DIV/0! | AI19: =U19+S19+Q19 -> 0 | AJ19: =(V19+T19+R19)/$AJ$4 -> #DIV/0! | AK19: =W19+Y19+AA19 -> 0 | AL19: =(X19+Z19+AB19)/$AL$4 -> #DIV/0!
A20: KADIMA S.A. | B20: NEA | C20: Multibrand | D20: LW | K20: 340 | L20: 8853405.8 | O20: 353 | P20: 10007349 | Q20: 66 | R20: 1916194.3 | AC20: =AA20+Y20+W20+U20+S20+Q20+O20+M20+K20+I20+G20+E20 -> 759 | AD20: =AB20+Z20+X20+V20+T20+R20+P20+N20+L20+J20+H20+F20 -> 20776949 | AE20: =E20+G20+I20 -> 0 | AF20: =(F20+H20+J20)/$AF$4 -> 0 | AG20: =K20+M20+O20 -> 693 | AH20: =(L20+N20+P20)/$AH$4 -> #DIV/0! | AI20: =U20+S20+Q20 -> 66 | AJ20: =(V20+T20+R20)/$AJ$4 -> #DIV/0! | AK20: =W20+Y20+AA20 -> 0 | AL20: =(X20+Z20+AB20)/$AL$4 -> #DIV/0!
A21: MARTI JUAN MARTIN | B21: NEA | C21: Multibrand | D21: LW | G21: 19.75 | H21: 467648.79 | I21: 17.5 | J21: 418049.49 | O21: 18.75 | P21: 501777.27 | AC21: =AA21+Y21+W21+U21+S21+Q21+O21+M21+K21+I21+G21+E21 -> 56 | AD21: =AB21+Z21+X21+V21+T21+R21+P21+N21+L21+J21+H21+F21 -> 1387475.6 | AE21: =E21+G21+I21 -> 37.25 | AF21: =(F21+H21+J21)/$AF$4 -> 626.76353 | AG21: =K21+M21+O21 -> 18.75 | AH21: =(L21+N21+P21)/$AH$4 -> #DIV/0! | AI21: =U21+S21+Q21 -> 0 | AJ21: =(V21+T21+R21)/$AJ$4 -> #DIV/0! | AK21: =W21+Y21+AA21 -> 0 | AL21: =(X21+Z21+AB21)/$AL$4 -> #DIV/0!
A22: CENTRO DEPORTES S.R.L. | B22: NEA | C22: Multibrand | D22: LW | K22: 48 | L22: 1157419.5 | O22: 27 | P22: 807428.07 | AC22: =AA22+Y22+W22+U22+S22+Q22+O22+M22+K22+I22+G22+E22 -> 75 | AD22: =AB22+Z22+X22+V22+T22+R22+P22+N22+L22+J22+H22+F22 -> 1964847.6 | AE22: =E22+G22+I22 -> 0 | AF22: =(F22+H22+J22)/$AF$4 -> 0 | AG22: =K22+M22+O22 -> 75 | AH22: =(L22+N22+P22)/$AH$4 -> #DIV/0! | AI22: =U22+S22+Q22 -> 0 | AJ22: =(V22+T22+R22)/$AJ$4 -> #DIV/0! | AK22: =W22+Y22+AA22 -> 0 | AL22: =(X22+Z22+AB22)/$AL$4 -> #DIV/0!
A23: Von Muhlinen Santiago | B23: NEA | C23: Multibrand | D23: LW | K23: 63 | L23: 1418112.3 | Q23: 28 | R23: 764818.09 | AC23: =AA23+Y23+W23+U23+S23+Q23+O23+M23+K23+I23+G23+E23 -> 91 | AD23: =AB23+Z23+X23+V23+T23+R23+P23+N23+L23+J23+H23+F23 -> 2182930.4 | AE23: =E23+G23+I23 -> 0 | AF23: =(F23+H23+J23)/$AF$4 -> 0 | AG23: =K23+M23+O23 -> 63 | AH23: =(L23+N23+P23)/$AH$4 -> #DIV/0! | AI23: =U23+S23+Q23 -> 28 | AJ23: =(V23+T23+R23)/$AJ$4 -> #DIV/0! | AK23: =W23+Y23+AA23 -> 0 | AL23: =(X23+Z23+AB23)/$AL$4 -> #DIV/0!
A24: CASA DEL PUEBLO S.A | B24: NEA | C24: Multibrand | D24: LW | G24: 126.5 | H24: 2717783.8 | K24: 137 | L24: 3319780.7 | AC24: =AA24+Y24+W24+U24+S24+Q24+O24+M24+K24+I24+G24+E24 -> 263.5 | AD24: =AB24+Z24+X24+V24+T24+R24+P24+N24+L24+J24+H24+F24 -> 6037564.5 | AE24: =E24+G24+I24 -> 126.5 | AF24: =(F24+H24+J24)/$AF$4 -> 1923.2371 | AG24: =K24+M24+O24 -> 137 | AH24: =(L24+N24+P24)/$AH$4 -> #DIV/0! | AI24: =U24+S24+Q24 -> 0 | AJ24: =(V24+T24+R24)/$AJ$4 -> #DIV/0! | AK24: =W24+Y24+AA24 -> 0 | AL24: =(X24+Z24+AB24)/$AL$4 -> #DIV/0!
A25: VALERA SANDRA PATRICIA | B25: NEA | C25: Multibrand | D25: LW | I25: 12.5 | J25: 345026.41 | AC25: =AA25+Y25+W25+U25+S25+Q25+O25+M25+K25+I25+G25+E25 -> 12.5 | AD25: =AB25+Z25+X25+V25+T25+R25+P25+N25+L25+J25+H25+F25 -> 345026.41 | AE25: =E25+G25+I25 -> 12.5 | AF25: =(F25+H25+J25)/$AF$4 -> 244.1576 | AG25: =K25+M25+O25 -> 0 | AH25: =(L25+N25+P25)/$AH$4 -> #DIV/0! | AI25: =U25+S25+Q25 -> 0 | AJ25: =(V25+T25+R25)/$AJ$4 -> #DIV/0! | AK25: =W25+Y25+AA25 -> 0 | AL25: =(X25+Z25+AB25)/$AL$4 -> #DIV/0!
A26: IMPACTO DEPORTES S.R.L. | B26: NEA | C26: Multibrand | D26: LW | K26: 21.75 | L26: 570783.19 | O26: 18.5 | P26: 503842.41 | AC26: =AA26+Y26+W26+U26+S26+Q26+O26+M26+K26+I26+G26+E26 -> 40.25 | AD26: =AB26+Z26+X26+V26+T26+R26+P26+N26+L26+J26+H26+F26 -> 1074625.6 | AE26: =E26+G26+I26 -> 0 | AF26: =(F26+H26+J26)/$AF$4 -> 0 | AG26: =K26+M26+O26 -> 40.25 | AH26: =(L26+N26+P26)/$AH$4 -> #DIV/0! | AI26: =U26+S26+Q26 -> 0 | AJ26: =(V26+T26+R26)/$AJ$4 -> #DIV/0! | AK26: =W26+Y26+AA26 -> 0 | AL26: =(X26+Z26+AB26)/$AL$4 -> #DIV/0!
A27: SANTIAGO VON MUHLIENEN | B27: NEA | C27: Multibrand | D27: LW | I27: 100.5 | J27: 2524583.6 | O27: 53 | P27: 1387539.8 | AC27: =AA27+Y27+W27+U27+S27+Q27+O27+M27+K27+I27+G27+E27 -> 153.5 | AD27: =AB27+Z27+X27+V27+T27+R27+P27+N27+L27+J27+H27+F27 -> 3912123.4 | AE27: =E27+G27+I27 -> 100.5 | AF27: =(F27+H27+J27)/$AF$4 -> 1786.5191 | AG27: =K27+M27+O27 -> 53 | AH27: =(L27+N27+P27)/$AH$4 -> #DIV/0! | AI27: =U27+S27+Q27 -> 0 | AJ27: =(V27+T27+R27)/$AJ$4 -> #DIV/0! | AK27: =W27+Y27+AA27 -> 0 | AL27: =(X27+Z27+AB27)/$AL$4 -> #DIV/0!
A28: FACTORY SPORT S.A. | B28: GBA | C28: Multibrand | D28: LW | M28: 114 | N28: 2836238.9 | AC28: =AA28+Y28+W28+U28+S28+Q28+O28+M28+K28+I28+G28+E28 -> 114 | AD28: =AB28+Z28+X28+V28+T28+R28+P28+N28+L28+J28+H28+F28 -> 2836238.9 | AE28: =E28+G28+I28 -> 0 | AF28: =(F28+H28+J28)/$AF$4 -> 0 | AG28: =K28+M28+O28 -> 114 | AH28: =(L28+N28+P28)/$AH$4 -> #DIV/0! | AI28: =U28+S28+Q28 -> 0 | AJ28: =(V28+T28+R28)/$AJ$4 -> #DIV/0! | AK28: =W28+Y28+AA28 -> 0 | AL28: =(X28+Z28+AB28)/$AL$4 -> #DIV/0!
A29: MARJUSVALE S.A. | B29: GBA | C29: Multibrand | D29: LW | E29: 26 | F29: 646566.3 | K29: 17 | L29: 440832.24 | O29: 6.5 | P29: 169684.64 | Q29: -1 | R29: -22262.9 | AC29: =AA29+Y29+W29+U29+S29+Q29+O29+M29+K29+I29+G29+E29 -> 48.5 | AD29: =AB29+Z29+X29+V29+T29+R29+P29+N29+L29+J29+H29+F29 -> 1234820.3 | AE29: =E29+G29+I29 -> 26 | AF29: =(F29+H29+J29)/$AF$4 -> 457.54201 | AG29: =K29+M29+O29 -> 23.5 | AH29: =(L29+N29+P29)/$AH$4 -> #DIV/0! | AI29: =U29+S29+Q29 -> -1 | AJ29: =(V29+T29+R29)/$AJ$4 -> #DIV/0! | AK29: =W29+Y29+AA29 -> 0 | AL29: =(X29+Z29+AB29)/$AL$4 -> #DIV/0!
A30: O.A. DEPORTES S.R.L. | B30: GBA | C30: Multibrand | D30: LW | G30: 55 | H30: 1719005.2 | M30: 62 | N30: 1961800.7 | O30: 64 | P30: 1764500 | AC30: =AA30+Y30+W30+U30+S30+Q30+O30+M30+K30+I30+G30+E30 -> 181 | AD30: =AB30+Z30+X30+V30+T30+R30+P30+N30+L30+J30+H30+F30 -> 5445305.9 | AE30: =E30+G30+I30 -> 55 | AF30: =(F30+H30+J30)/$AF$4 -> 1216.4523 | AG30: =K30+M30+O30 -> 126 | AH30: =(L30+N30+P30)/$AH$4 -> #DIV/0! | AI30: =U30+S30+Q30 -> 0 | AJ30: =(V30+T30+R30)/$AJ$4 -> #DIV/0! | AK30: =W30+Y30+AA30 -> 0 | AL30: =(X30+Z30+AB30)/$AL$4 -> #DIV/0!
A31: FORTALEZA EXTREMA S.A. | B31: GBA | C31: Multibrand | D31: LW | I31: 25 | J31: 671406.43 | M31: 112 | N31: 2969277.6 | AC31: =AA31+Y31+W31+U31+S31+Q31+O31+M31+K31+I31+G31+E31 -> 137 | AD31: =AB31+Z31+X31+V31+T31+R31+P31+N31+L31+J31+H31+F31 -> 3640684 | AE31: =E31+G31+I31 -> 25 | AF31: =(F31+H31+J31)/$AF$4 -> 475.12011 | AG31: =K31+M31+O31 -> 112 | AH31: =(L31+N31+P31)/$AH$4 -> #DIV/0! | AI31: =U31+S31+Q31 -> 0 | AJ31: =(V31+T31+R31)/$AJ$4 -> #DIV/0! | AK31: =W31+Y31+AA31 -> 0 | AL31: =(X31+Z31+AB31)/$AL$4 -> #DIV/0!
A32: LAGUARDIA FRANCO | B32: GBA | C32: Multibrand | D32: LW | I32: 30 | J32: 1061457 | AC32: =AA32+Y32+W32+U32+S32+Q32+O32+M32+K32+I32+G32+E32 -> 30 | AD32: =AB32+Z32+X32+V32+T32+R32+P32+N32+L32+J32+H32+F32 -> 1061457 | AE32: =E32+G32+I32 -> 30 | AF32: =(F32+H32+J32)/$AF$4 -> 751.13901 | AG32: =K32+M32+O32 -> 0 | AH32: =(L32+N32+P32)/$AH$4 -> #DIV/0! | AI32: =U32+S32+Q32 -> 0 | AJ32: =(V32+T32+R32)/$AJ$4 -> #DIV/0! | AK32: =W32+Y32+AA32 -> 0 | AL32: =(X32+Z32+AB32)/$AL$4 -> #DIV/0!
A33: CRAVERO ADIAN GUSTAVO | B33: GBA | C33: Multibrand | D33: LW | E33: 48.5 | F33: 1128643.2 | AC33: =AA33+Y33+W33+U33+S33+Q33+O33+M33+K33+I33+G33+E33 -> 48.5 | AD33: =AB33+Z33+X33+V33+T33+R33+P33+N33+L33+J33+H33+F33 -> 1128643.2 | AE33: =E33+G33+I33 -> 48.5 | AF33: =(F33+H33+J33)/$AF$4 -> 798.68326 | AG33: =K33+M33+O33 -> 0 | AH33: =(L33+N33+P33)/$AH$4 -> #DIV/0! | AI33: =U33+S33+Q33 -> 0 | AJ33: =(V33+T33+R33)/$AJ$4 -> #DIV/0! | AK33: =W33+Y33+AA33 -> 0 | AL33: =(X33+Z33+AB33)/$AL$4 -> #DIV/0!
A34: ANNEX | B34: GBA | C34: Multibrand | D34: LW | Q34: 652 | R34: 18418572 | AC34: =AA34+Y34+W34+U34+S34+Q34+O34+M34+K34+I34+G34+E34 -> 652 | AD34: =AB34+Z34+X34+V34+T34+R34+P34+N34+L34+J34+H34+F34 -> 18418572 | AE34: =E34+G34+I34 -> 0 | AF34: =(F34+H34+J34)/$AF$4 -> 0 | AG34: =K34+M34+O34 -> 0 | AH34: =(L34+N34+P34)/$AH$4 -> #DIV/0! | AI34: =U34+S34+Q34 -> 652 | AJ34: =(V34+T34+R34)/$AJ$4 -> #DIV/0! | AK34: =W34+Y34+AA34 -> 0 | AL34: =(X34+Z34+AB34)/$AL$4 -> #DIV/0!
A35: ZARCAL S.A. | B35: GBA | C35: Multibrand | D35: LW | E35: 208.5 | F35: 4397474.3 | O35: 140 | P35: 3633494.3 | Q35: 45 | R35: 1215149.8 | AC35: =AA35+Y35+W35+U35+S35+Q35+O35+M35+K35+I35+G35+E35 -> 393.5 | AD35: =AB35+Z35+X35+V35+T35+R35+P35+N35+L35+J35+H35+F35 -> 9246118.4 | AE35: =E35+G35+I35 -> 208.5 | AF35: =(F35+H35+J35)/$AF$4 -> 3111.8684 | AG35: =K35+M35+O35 -> 140 | AH35: =(L35+N35+P35)/$AH$4 -> #DIV/0! | AI35: =U35+S35+Q35 -> 45 | AJ35: =(V35+T35+R35)/$AJ$4 -> #DIV/0! | AK35: =W35+Y35+AA35 -> 0 | AL35: =(X35+Z35+AB35)/$AL$4 -> #DIV/0!
A36: DE GRUTOLLA DOMINGO | B36: GBA | C36: Multibrand | D36: LW | O36: 46 | P36: 1306060.2 | AC36: =AA36+Y36+W36+U36+S36+Q36+O36+M36+K36+I36+G36+E36 -> 46 | AD36: =AB36+Z36+X36+V36+T36+R36+P36+N36+L36+J36+H36+F36 -> 1306060.2 | AE36: =E36+G36+I36 -> 0 | AF36: =(F36+H36+J36)/$AF$4 -> 0 | AG36: =K36+M36+O36 -> 46 | AH36: =(L36+N36+P36)/$AH$4 -> #DIV/0! | AI36: =U36+S36+Q36 -> 0 | AJ36: =(V36+T36+R36)/$AJ$4 -> #DIV/0! | AK36: =W36+Y36+AA36 -> 0 | AL36: =(X36+Z36+AB36)/$AL$4 -> #DIV/0!
A37: BLOISE GENARO Y BLOISE ANGEL SOCIEDAD | B37: GBA | C37: Multibrand | D37: LW | G37: 748.833 | H37: 18970197 | I37: 854 | J37: 19100316 | M37: 914 | N37: 21088769 | O37: 95.5 | P37: 2325962 | AC37: =AA37+Y37+W37+U37+S37+Q37+O37+M37+K37+I37+G37+E37 -> 2612.333 | AD37: =AB37+Z37+X37+V37+T37+R37+P37+N37+L37+J37+H37+F37 -> 61485244 | AE37: =E37+G37+I37 -> 1602.833 | AF37: =(F37+H37+J37)/$AF$4 -> 26940.562 | AG37: =K37+M37+O37 -> 1009.5 | AH37: =(L37+N37+P37)/$AH$4 -> #DIV/0! | AI37: =U37+S37+Q37 -> 0 | AJ37: =(V37+T37+R37)/$AJ$4 -> #DIV/0! | AK37: =W37+Y37+AA37 -> 0 | AL37: =(X37+Z37+AB37)/$AL$4 -> #DIV/0!
A38: ESTAFO JOSE OSVALDO | B38: GBA | C38: Multibrand | D38: LW | E38: 7.5 | F38: 208442.4 | AC38: =AA38+Y38+W38+U38+S38+Q38+O38+M38+K38+I38+G38+E38 -> 7.5 | AD38: =AB38+Z38+X38+V38+T38+R38+P38+N38+L38+J38+H38+F38 -> 208442.4 | AE38: =E38+G38+I38 -> 7.5 | AF38: =(F38+H38+J38)/$AF$4 -> 147.50406 | AG38: =K38+M38+O38 -> 0 | AH38: =(L38+N38+P38)/$AH$4 -> #DIV/0! | AI38: =U38+S38+Q38 -> 0 | AJ38: =(V38+T38+R38)/$AJ$4 -> #DIV/0! | AK38: =W38+Y38+AA38 -> 0 | AL38: =(X38+Z38+AB38)/$AL$4 -> #DIV/0!
A39: DE GRUTTOLA JESUS Y JAVIER S.H. | B39: GBA | C39: Multibrand | D39: LW | K39: 46 | L39: 1167914.4 | AC39: =AA39+Y39+W39+U39+S39+Q39+O39+M39+K39+I39+G39+E39 -> 46 | AD39: =AB39+Z39+X39+V39+T39+R39+P39+N39+L39+J39+H39+F39 -> 1167914.4 | AE39: =E39+G39+I39 -> 0 | AF39: =(F39+H39+J39)/$AF$4 -> 0 | AG39: =K39+M39+O39 -> 46 | AH39: =(L39+N39+P39)/$AH$4 -> #DIV/0! | AI39: =U39+S39+Q39 -> 0 | AJ39: =(V39+T39+R39)/$AJ$4 -> #DIV/0! | AK39: =W39+Y39+AA39 -> 0 | AL39: =(X39+Z39+AB39)/$AL$4 -> #DIV/0!
A40: GOMEZ MIGUEL ANGEL | B40: GBA | C40: Multibrand | D40: LW | M40: 47 | N40: 1199544.5 | O40: 8 | P40: 214060.97 | AC40: =AA40+Y40+W40+U40+S40+Q40+O40+M40+K40+I40+G40+E40 -> 55 | AD40: =AB40+Z40+X40+V40+T40+R40+P40+N40+L40+J40+H40+F40 -> 1413605.5 | AE40: =E40+G40+I40 -> 0 | AF40: =(F40+H40+J40)/$AF$4 -> 0 | AG40: =K40+M40+O40 -> 55 | AH40: =(L40+N40+P40)/$AH$4 -> #DIV/0! | AI40: =U40+S40+Q40 -> 0 | AJ40: =(V40+T40+R40)/$AJ$4 -> #DIV/0! | AK40: =W40+Y40+AA40 -> 0 | AL40: =(X40+Z40+AB40)/$AL$4 -> #DIV/0!
A41: LA CELADA S.A. | B41: GBA | C41: Multibrand | D41: LW | E41: 890.833 | F41: 20088898 | G41: 431.749 | H41: 10331569 | I41: 568.334 | J41: 14326008 | K41: 649.998 | L41: 16517670 | M41: 537.083 | N41: 13449883 | O41: 816.583 | P41: 21632416 | Q41: 667.33 | R41: 17882960 | AC41: =AA41+Y41+W41+U41+S41+Q41+O41+M41+K41+I41+G41+E41 -> 4561.91 | AD41: =AB41+Z41+X41+V41+T41+R41+P41+N41+L41+J41+H41+F41 -> 1.142294e+08 | AE41: =E41+G41+I41 -> 1890.916 | AF41: =(F41+H41+J41)/$AF$4 -> 31664.8 | AG41: =K41+M41+O41 -> 2003.664 | AH41: =(L41+N41+P41)/$AH$4 -> #DIV/0! | AI41: =U41+S41+Q41 -> 667.33 | AJ41: =(V41+T41+R41)/$AJ$4 -> #DIV/0! | AK41: =W41+Y41+AA41 -> 0 | AL41: =(X41+Z41+AB41)/$AL$4 -> #DIV/0!
A42: GASTALDI MARIA LAURA | B42: GBA | C42: Multibrand | D42: LW | E42: 29 | F42: 888540 | O42: 24.5 | P42: 772256.4 | AC42: =AA42+Y42+W42+U42+S42+Q42+O42+M42+K42+I42+G42+E42 -> 53.5 | AD42: =AB42+Z42+X42+V42+T42+R42+P42+N42+L42+J42+H42+F42 -> 1660796.4 | AE42: =E42+G42+I42 -> 29 | AF42: =(F42+H42+J42)/$AF$4 -> 628.77447 | AG42: =K42+M42+O42 -> 24.5 | AH42: =(L42+N42+P42)/$AH$4 -> #DIV/0! | AI42: =U42+S42+Q42 -> 0 | AJ42: =(V42+T42+R42)/$AJ$4 -> #DIV/0! | AK42: =W42+Y42+AA42 -> 0 | AL42: =(X42+Z42+AB42)/$AL$4 -> #DIV/0!
A43: O.A.DEPORTES | B43: GBA | C43: Multibrand | D43: LW | E43: 59 | F43: 1448445.4 | AC43: =AA43+Y43+W43+U43+S43+Q43+O43+M43+K43+I43+G43+E43 -> 59 | AD43: =AB43+Z43+X43+V43+T43+R43+P43+N43+L43+J43+H43+F43 -> 1448445.4 | AE43: =E43+G43+I43 -> 59 | AF43: =(F43+H43+J43)/$AF$4 -> 1024.9909 | AG43: =K43+M43+O43 -> 0 | AH43: =(L43+N43+P43)/$AH$4 -> #DIV/0! | AI43: =U43+S43+Q43 -> 0 | AJ43: =(V43+T43+R43)/$AJ$4 -> #DIV/0! | AK43: =W43+Y43+AA43 -> 0 | AL43: =(X43+Z43+AB43)/$AL$4 -> #DIV/0!
A44: VIMIANZO | B44: GBA | C44: Multibrand | D44: LW | G44: 167.5 | H44: 4563806.1 | I44: 38 | J44: 1028636.7 | Q44: 202 | R44: 5431938 | AC44: =AA44+Y44+W44+U44+S44+Q44+O44+M44+K44+I44+G44+E44 -> 407.5 | AD44: =AB44+Z44+X44+V44+T44+R44+P44+N44+L44+J44+H44+F44 -> 11024381 | AE44: =E44+G44+I44 -> 205.5 | AF44: =(F44+H44+J44)/$AF$4 -> 3957.4867 | AG44: =K44+M44+O44 -> 0 | AH44: =(L44+N44+P44)/$AH$4 -> #DIV/0! | AI44: =U44+S44+Q44 -> 202 | AJ44: =(V44+T44+R44)/$AJ$4 -> #DIV/0! | AK44: =W44+Y44+AA44 -> 0 | AL44: =(X44+Z44+AB44)/$AL$4 -> #DIV/0!
A45: CAMARIÑAS | B45: GBA | C45: Multibrand | D45: LW | G45: 93.5 | H45: 2440420.8 | Q45: 93.5 | R45: 2828123.7 | AC45: =AA45+Y45+W45+U45+S45+Q45+O45+M45+K45+I45+G45+E45 -> 187 | AD45: =AB45+Z45+X45+V45+T45+R45+P45+N45+L45+J45+H45+F45 -> 5268544.5 | AE45: =E45+G45+I45 -> 93.5 | AF45: =(F45+H45+J45)/$AF$4 -> 1726.9614 | AG45: =K45+M45+O45 -> 0 | AH45: =(L45+N45+P45)/$AH$4 -> #DIV/0! | AI45: =U45+S45+Q45 -> 93.5 | AJ45: =(V45+T45+R45)/$AJ$4 -> #DIV/0! | AK45: =W45+Y45+AA45 -> 0 | AL45: =(X45+Z45+AB45)/$AL$4 -> #DIV/0!
A46: EL DANTE SAIC | B46: GBA | C46: Multibrand | D46: LW | G46: 21 | H46: 593920.62 | O46: 30 | P46: 958701.24 | AC46: =AA46+Y46+W46+U46+S46+Q46+O46+M46+K46+I46+G46+E46 -> 51 | AD46: =AB46+Z46+X46+V46+T46+R46+P46+N46+L46+J46+H46+F46 -> 1552621.9 | AE46: =E46+G46+I46 -> 21 | AF46: =(F46+H46+J46)/$AF$4 -> 420.28735 | AG46: =K46+M46+O46 -> 30 | AH46: =(L46+N46+P46)/$AH$4 -> #DIV/0! | AI46: =U46+S46+Q46 -> 0 | AJ46: =(V46+T46+R46)/$AJ$4 -> #DIV/0! | AK46: =W46+Y46+AA46 -> 0 | AL46: =(X46+Z46+AB46)/$AL$4 -> #DIV/0!
A47: ZANARKAND SRL | B47: GBA | C47: Multibrand | D47: LW | E47: 285.25 | F47: 7011661.8 | G47: 23.75 | H47: 679851.06 | K47: 653.5 | L47: 15613974 | M47: -1 | N47: -160433.08 | O47: 325.25 | P47: 9808567.6 | AC47: =AA47+Y47+W47+U47+S47+Q47+O47+M47+K47+I47+G47+E47 -> 1286.75 | AD47: =AB47+Z47+X47+V47+T47+R47+P47+N47+L47+J47+H47+F47 -> 32953621 | AE47: =E47+G47+I47 -> 309 | AF47: =(F47+H47+J47)/$AF$4 -> 5442.8916 | AG47: =K47+M47+O47 -> 977.75 | AH47: =(L47+N47+P47)/$AH$4 -> #DIV/0! | AI47: =U47+S47+Q47 -> 0 | AJ47: =(V47+T47+R47)/$AJ$4 -> #DIV/0! | AK47: =W47+Y47+AA47 -> 0 | AL47: =(X47+Z47+AB47)/$AL$4 -> #DIV/0!
A48: ARIMA SPORT | B48: GBA | C48: Multibrand | D48: LW | E48: 17 | F48: 516577.2 | K48: 42.5 | L48: 1173454.2 | AC48: =AA48+Y48+W48+U48+S48+Q48+O48+M48+K48+I48+G48+E48 -> 59.5 | AD48: =AB48+Z48+X48+V48+T48+R48+P48+N48+L48+J48+H48+F48 -> 1690031.4 | AE48: =E48+G48+I48 -> 17 | AF48: =(F48+H48+J48)/$AF$4 -> 365.55535 | AG48: =K48+M48+O48 -> 42.5 | AH48: =(L48+N48+P48)/$AH$4 -> #DIV/0! | AI48: =U48+S48+Q48 -> 0 | AJ48: =(V48+T48+R48)/$AJ$4 -> #DIV/0! | AK48: =W48+Y48+AA48 -> 0 | AL48: =(X48+Z48+AB48)/$AL$4 -> #DIV/0!
A49: SCALZO OSVALDO NESTOR | B49: GBA | C49: Multibrand | D49: LW | I49: 25 | J49: 818118.72 | AC49: =AA49+Y49+W49+U49+S49+Q49+O49+M49+K49+I49+G49+E49 -> 25 | AD49: =AB49+Z49+X49+V49+T49+R49+P49+N49+L49+J49+H49+F49 -> 818118.72 | AE49: =E49+G49+I49 -> 25 | AF49: =(F49+H49+J49)/$AF$4 -> 578.94092 | AG49: =K49+M49+O49 -> 0 | AH49: =(L49+N49+P49)/$AH$4 -> #DIV/0! | AI49: =U49+S49+Q49 -> 0 | AJ49: =(V49+T49+R49)/$AJ$4 -> #DIV/0! | AK49: =W49+Y49+AA49 -> 0 | AL49: =(X49+Z49+AB49)/$AL$4 -> #DIV/0!
A50: CICCIOLI CARLOS | B50: GBA | C50: Multibrand | D50: LW | E50: -1 | F50: -162257.35 | AC50: =AA50+Y50+W50+U50+S50+Q50+O50+M50+K50+I50+G50+E50 -> -1 | AD50: =AB50+Z50+X50+V50+T50+R50+P50+N50+L50+J50+H50+F50 -> -162257.35 | AE50: =E50+G50+I50 -> -1 | AF50: =(F50+H50+J50)/$AF$4 -> -114.82126 | AG50: =K50+M50+O50 -> 0 | AH50: =(L50+N50+P50)/$AH$4 -> #DIV/0! | AI50: =U50+S50+Q50 -> 0 | AJ50: =(V50+T50+R50)/$AJ$4 -> #DIV/0! | AK50: =W50+Y50+AA50 -> 0 | AL50: =(X50+Z50+AB50)/$AL$4 -> #DIV/0!
A51: Alpha srl. | B51: Sur | C51: Multibrand | D51: LW | E51: 52 | F51: 1343889.6 | G51: 43 | H51: 1284225.6 | M51: 80.5 | N51: 2236752.6 | AC51: =AA51+Y51+W51+U51+S51+Q51+O51+M51+K51+I51+G51+E51 -> 175.5 | AD51: =AB51+Z51+X51+V51+T51+R51+P51+N51+L51+J51+H51+F51 -> 4864867.8 | AE51: =E51+G51+I51 -> 95 | AF51: =(F51+H51+J51)/$AF$4 -> 1859.7832 | AG51: =K51+M51+O51 -> 80.5 | AH51: =(L51+N51+P51)/$AH$4 -> #DIV/0! | AI51: =U51+S51+Q51 -> 0 | AJ51: =(V51+T51+R51)/$AJ$4 -> #DIV/0! | AK51: =W51+Y51+AA51 -> 0 | AL51: =(X51+Z51+AB51)/$AL$4 -> #DIV/0!
A52: E. Fajardo s.a. | B52: Sur | C52: Multibrand | D52: LW | E52: -6 | F52: -134734.37 | G52: 35 | H52: 875195.99 | I52: 55 | J52: 1407915.7 | K52: 59.5 | L52: 1658434.3 | M52: 52.5 | N52: 1410479.2 | O52: 52 | P52: 1336027.7 | AC52: =AA52+Y52+W52+U52+S52+Q52+O52+M52+K52+I52+G52+E52 -> 248 | AD52: =AB52+Z52+X52+V52+T52+R52+P52+N52+L52+J52+H52+F52 -> 6553318.6 | AE52: =E52+G52+I52 -> 84 | AF52: =(F52+H52+J52)/$AF$4 -> 1520.2971 | AG52: =K52+M52+O52 -> 164 | AH52: =(L52+N52+P52)/$AH$4 -> #DIV/0! | AI52: =U52+S52+Q52 -> 0 | AJ52: =(V52+T52+R52)/$AJ$4 -> #DIV/0! | AK52: =W52+Y52+AA52 -> 0 | AL52: =(X52+Z52+AB52)/$AL$4 -> #DIV/0!
A53: FERREIRA SPORT S.A. | B53: Sur | C53: Multibrand | D53: LW | K53: 670 | L53: 19807884 | O53: 513 | P53: 15481864 | AC53: =AA53+Y53+W53+U53+S53+Q53+O53+M53+K53+I53+G53+E53 -> 1183 | AD53: =AB53+Z53+X53+V53+T53+R53+P53+N53+L53+J53+H53+F53 -> 35289748 | AE53: =E53+G53+I53 -> 0 | AF53: =(F53+H53+J53)/$AF$4 -> 0 | AG53: =K53+M53+O53 -> 1183 | AH53: =(L53+N53+P53)/$AH$4 -> #DIV/0! | AI53: =U53+S53+Q53 -> 0 | AJ53: =(V53+T53+R53)/$AJ$4 -> #DIV/0! | AK53: =W53+Y53+AA53 -> 0 | AL53: =(X53+Z53+AB53)/$AL$4 -> #DIV/0!
A54: La Madrileña S.A. | B54: Sur | C54: Multibrand | D54: LW | E54: 984.5 | F54: 16697888 | I54: 311 | J54: 7711408.3 | K54: 562.5 | L54: 12691404 | O54: 76 | P54: 2415072 | AC54: =AA54+Y54+W54+U54+S54+Q54+O54+M54+K54+I54+G54+E54 -> 1934 | AD54: =AB54+Z54+X54+V54+T54+R54+P54+N54+L54+J54+H54+F54 -> 39515772 | AE54: =E54+G54+I54 -> 1295.5 | AF54: =(F54+H54+J54)/$AF$4 -> 17273.214 | AG54: =K54+M54+O54 -> 638.5 | AH54: =(L54+N54+P54)/$AH$4 -> #DIV/0! | AI54: =U54+S54+Q54 -> 0 | AJ54: =(V54+T54+R54)/$AJ$4 -> #DIV/0! | AK54: =W54+Y54+AA54 -> 0 | AL54: =(X54+Z54+AB54)/$AL$4 -> #DIV/0!
A55: Performance s.a. | B55: Sur | C55: Multibrand | D55: LW | E55: -11 | F55: -44828.41 | G55: 68.5 | H55: 1803213.4 | I55: 71 | J55: 2101400.3 | M55: 77 | N55: 2089836.1 | O55: 83 | P55: 2262479.3 | AC55: =AA55+Y55+W55+U55+S55+Q55+O55+M55+K55+I55+G55+E55 -> 288.5 | AD55: =AB55+Z55+X55+V55+T55+R55+P55+N55+L55+J55+H55+F55 -> 8212100.7 | AE55: =E55+G55+I55 -> 128.5 | AF55: =(F55+H55+J55)/$AF$4 -> 2731.3733 | AG55: =K55+M55+O55 -> 160 | AH55: =(L55+N55+P55)/$AH$4 -> #DIV/0! | AI55: =U55+S55+Q55 -> 0 | AJ55: =(V55+T55+R55)/$AJ$4 -> #DIV/0! | AK55: =W55+Y55+AA55 -> 0 | AL55: =(X55+Z55+AB55)/$AL$4 -> #DIV/0!
A56: Total Sport srl | B56: Sur | C56: Multibrand | D56: LW | E56: 108 | F56: 2963690.5 | AC56: =AA56+Y56+W56+U56+S56+Q56+O56+M56+K56+I56+G56+E56 -> 108 | AD56: =AB56+Z56+X56+V56+T56+R56+P56+N56+L56+J56+H56+F56 -> 2963690.5 | AE56: =E56+G56+I56 -> 108 | AF56: =(F56+H56+J56)/$AF$4 -> 2097.2527 | AG56: =K56+M56+O56 -> 0 | AH56: =(L56+N56+P56)/$AH$4 -> #DIV/0! | AI56: =U56+S56+Q56 -> 0 | AJ56: =(V56+T56+R56)/$AJ$4 -> #DIV/0! | AK56: =W56+Y56+AA56 -> 0 | AL56: =(X56+Z56+AB56)/$AL$4 -> #DIV/0!
A57: Casa Ferracioli S.A. | B57: Sur | C57: Multibrand | D57: LW | I57: 501 | J57: 12690236 | O57: 512 | P57: 15194367 | Q57: -6 | R57: -1255933 | AC57: =AA57+Y57+W57+U57+S57+Q57+O57+M57+K57+I57+G57+E57 -> 1007 | AD57: =AB57+Z57+X57+V57+T57+R57+P57+N57+L57+J57+H57+F57 -> 26628670 | AE57: =E57+G57+I57 -> 501 | AF57: =(F57+H57+J57)/$AF$4 -> 8980.2332 | AG57: =K57+M57+O57 -> 512 | AH57: =(L57+N57+P57)/$AH$4 -> #DIV/0! | AI57: =U57+S57+Q57 -> -6 | AJ57: =(V57+T57+R57)/$AJ$4 -> #DIV/0! | AK57: =W57+Y57+AA57 -> 0 | AL57: =(X57+Z57+AB57)/$AL$4 -> #DIV/0!
A58: Meo Liliana | B58: Sur | C58: Multibrand | D58: LW | G58: 16 | H58: 566113.2 | AC58: =AA58+Y58+W58+U58+S58+Q58+O58+M58+K58+I58+G58+E58 -> 16 | AD58: =AB58+Z58+X58+V58+T58+R58+P58+N58+L58+J58+H58+F58 -> 566113.2 | AE58: =E58+G58+I58 -> 16 | AF58: =(F58+H58+J58)/$AF$4 -> 400.60946 | AG58: =K58+M58+O58 -> 0 | AH58: =(L58+N58+P58)/$AH$4 -> #DIV/0! | AI58: =U58+S58+Q58 -> 0 | AJ58: =(V58+T58+R58)/$AJ$4 -> #DIV/0! | AK58: =W58+Y58+AA58 -> 0 | AL58: =(X58+Z58+AB58)/$AL$4 -> #DIV/0!
A59: Freile Andres s.a. | B59: Sur | C59: Multibrand | D59: LW | E59: -18 | F59: -457197.6 | O59: 113.5 | P59: 3192990 | AC59: =AA59+Y59+W59+U59+S59+Q59+O59+M59+K59+I59+G59+E59 -> 95.5 | AD59: =AB59+Z59+X59+V59+T59+R59+P59+N59+L59+J59+H59+F59 -> 2735792.4 | AE59: =E59+G59+I59 -> -18 | AF59: =(F59+H59+J59)/$AF$4 -> -323.53544 | AG59: =K59+M59+O59 -> 113.5 | AH59: =(L59+N59+P59)/$AH$4 -> #DIV/0! | AI59: =U59+S59+Q59 -> 0 | AJ59: =(V59+T59+R59)/$AJ$4 -> #DIV/0! | AK59: =W59+Y59+AA59 -> 0 | AL59: =(X59+Z59+AB59)/$AL$4 -> #DIV/0!
A60: COREN S.A. | B60: Sur | C60: Multibrand | D60: LW | E60: 49 | F60: 622105.8 | AC60: =AA60+Y60+W60+U60+S60+Q60+O60+M60+K60+I60+G60+E60 -> 49 | AD60: =AB60+Z60+X60+V60+T60+R60+P60+N60+L60+J60+H60+F60 -> 622105.8 | AE60: =E60+G60+I60 -> 49 | AF60: =(F60+H60+J60)/$AF$4 -> 440.23256 | AG60: =K60+M60+O60 -> 0 | AH60: =(L60+N60+P60)/$AH$4 -> #DIV/0! | AI60: =U60+S60+Q60 -> 0 | AJ60: =(V60+T60+R60)/$AJ$4 -> #DIV/0! | AK60: =W60+Y60+AA60 -> 0 | AL60: =(X60+Z60+AB60)/$AL$4 -> #DIV/0!
A61: TOTAL SPORT S. R. L | B61: Sur | C61: Multibrand | D61: LW | I61: 58.5 | J61: 1629521.3 | AC61: =AA61+Y61+W61+U61+S61+Q61+O61+M61+K61+I61+G61+E61 -> 58.5 | AD61: =AB61+Z61+X61+V61+T61+R61+P61+N61+L61+J61+H61+F61 -> 1629521.3 | AE61: =E61+G61+I61 -> 58.5 | AF61: =(F61+H61+J61)/$AF$4 -> 1153.1291 | AG61: =K61+M61+O61 -> 0 | AH61: =(L61+N61+P61)/$AH$4 -> #DIV/0! | AI61: =U61+S61+Q61 -> 0 | AJ61: =(V61+T61+R61)/$AJ$4 -> #DIV/0! | AK61: =W61+Y61+AA61 -> 0 | AL61: =(X61+Z61+AB61)/$AL$4 -> #DIV/0!
A62: Maza Roberto | B62: Sur | C62: Multibrand | D62: LW | E62: 37 | F62: 952527.6 | Q62: 48 | R62: 1407586.8 | AC62: =AA62+Y62+W62+U62+S62+Q62+O62+M62+K62+I62+G62+E62 -> 85 | AD62: =AB62+Z62+X62+V62+T62+R62+P62+N62+L62+J62+H62+F62 -> 2360114.4 | AE62: =E62+G62+I62 -> 37 | AF62: =(F62+H62+J62)/$AF$4 -> 674.05523 | AG62: =K62+M62+O62 -> 0 | AH62: =(L62+N62+P62)/$AH$4 -> #DIV/0! | AI62: =U62+S62+Q62 -> 48 | AJ62: =(V62+T62+R62)/$AJ$4 -> #DIV/0! | AK62: =W62+Y62+AA62 -> 0 | AL62: =(X62+Z62+AB62)/$AL$4 -> #DIV/0!
A63: Sportman SRL | B63: Sur | C63: Multibrand | D63: LW | E63: -33 | F63: -339894.82 | AC63: =AA63+Y63+W63+U63+S63+Q63+O63+M63+K63+I63+G63+E63 -> -33 | AD63: =AB63+Z63+X63+V63+T63+R63+P63+N63+L63+J63+H63+F63 -> -339894.82 | AE63: =E63+G63+I63 -> -33 | AF63: =(F63+H63+J63)/$AF$4 -> -240.52624 | AG63: =K63+M63+O63 -> 0 | AH63: =(L63+N63+P63)/$AH$4 -> #DIV/0! | AI63: =U63+S63+Q63 -> 0 | AJ63: =(V63+T63+R63)/$AJ$4 -> #DIV/0! | AK63: =W63+Y63+AA63 -> 0 | AL63: =(X63+Z63+AB63)/$AL$4 -> #DIV/0!
A64: DRAPANTE DANIEL | B64: Sur | C64: Multibrand | D64: LW | E64: 20.5 | F64: 517496.4 | G64: 42 | H64: 1145748 | M64: 36 | N64: 1445739.6 | O64: 26 | P64: 742714.8 | AC64: =AA64+Y64+W64+U64+S64+Q64+O64+M64+K64+I64+G64+E64 -> 124.5 | AD64: =AB64+Z64+X64+V64+T64+R64+P64+N64+L64+J64+H64+F64 -> 3851698.8 | AE64: =E64+G64+I64 -> 62.5 | AF64: =(F64+H64+J64)/$AF$4 -> 1176.9933 | AG64: =K64+M64+O64 -> 62 | AH64: =(L64+N64+P64)/$AH$4 -> #DIV/0! | AI64: =U64+S64+Q64 -> 0 | AJ64: =(V64+T64+R64)/$AJ$4 -> #DIV/0! | AK64: =W64+Y64+AA64 -> 0 | AL64: =(X64+Z64+AB64)/$AL$4 -> #DIV/0!
A65: Leyenda Adrian | B65: Sur | C65: Multibrand | D65: LW | I65: 32 | J65: 864542.4 | AC65: =AA65+Y65+W65+U65+S65+Q65+O65+M65+K65+I65+G65+E65 -> 32 | AD65: =AB65+Z65+X65+V65+T65+R65+P65+N65+L65+J65+H65+F65 -> 864542.4 | AE65: =E65+G65+I65 -> 32 | AF65: =(F65+H65+J65)/$AF$4 -> 611.79259 | AG65: =K65+M65+O65 -> 0 | AH65: =(L65+N65+P65)/$AH$4 -> #DIV/0! | AI65: =U65+S65+Q65 -> 0 | AJ65: =(V65+T65+R65)/$AJ$4 -> #DIV/0! | AK65: =W65+Y65+AA65 -> 0 | AL65: =(X65+Z65+AB65)/$AL$4 -> #DIV/0!
A66: RA OUTLET S H | B66: Sur | C66: Multibrand | D66: LW | G66: 180 | H66: 5358997.2 | I66: 51 | J66: 1338361.2 | Q66: 185 | R66: 5374971.6 | AC66: =AA66+Y66+W66+U66+S66+Q66+O66+M66+K66+I66+G66+E66 -> 416 | AD66: =AB66+Z66+X66+V66+T66+R66+P66+N66+L66+J66+H66+F66 -> 12072330 | AE66: =E66+G66+I66 -> 231 | AF66: =(F66+H66+J66)/$AF$4 -> 4739.3792 | AG66: =K66+M66+O66 -> 0 | AH66: =(L66+N66+P66)/$AH$4 -> #DIV/0! | AI66: =U66+S66+Q66 -> 185 | AJ66: =(V66+T66+R66)/$AJ$4 -> #DIV/0! | AK66: =W66+Y66+AA66 -> 0 | AL66: =(X66+Z66+AB66)/$AL$4 -> #DIV/0!
A67: NACE S.R.L | B67: Sur | C67: Multibrand | D67: LW | G67: 42.5 | H67: 1194357 | M67: 50 | N67: 1469732.4 | O67: 59.5 | P67: 1818322.2 | AC67: =AA67+Y67+W67+U67+S67+Q67+O67+M67+K67+I67+G67+E67 -> 152 | AD67: =AB67+Z67+X67+V67+T67+R67+P67+N67+L67+J67+H67+F67 -> 4482411.6 | AE67: =E67+G67+I67 -> 42.5 | AF67: =(F67+H67+J67)/$AF$4 -> 845.18557 | AG67: =K67+M67+O67 -> 109.5 | AH67: =(L67+N67+P67)/$AH$4 -> #DIV/0! | AI67: =U67+S67+Q67 -> 0 | AJ67: =(V67+T67+R67)/$AJ$4 -> #DIV/0! | AK67: =W67+Y67+AA67 -> 0 | AL67: =(X67+Z67+AB67)/$AL$4 -> #DIV/0!
A68: GEVIRTZMAN MARIO | B68: Sur | C68: Multibrand | D68: LW | M68: 33.5 | N68: 1071763.4 | AC68: =AA68+Y68+W68+U68+S68+Q68+O68+M68+K68+I68+G68+E68 -> 33.5 | AD68: =AB68+Z68+X68+V68+T68+R68+P68+N68+L68+J68+H68+F68 -> 1071763.4 | AE68: =E68+G68+I68 -> 0 | AF68: =(F68+H68+J68)/$AF$4 -> 0 | AG68: =K68+M68+O68 -> 33.5 | AH68: =(L68+N68+P68)/$AH$4 -> #DIV/0! | AI68: =U68+S68+Q68 -> 0 | AJ68: =(V68+T68+R68)/$AJ$4 -> #DIV/0! | AK68: =W68+Y68+AA68 -> 0 | AL68: =(X68+Z68+AB68)/$AL$4 -> #DIV/0!
A69: ALTA MONTAÑA S.R.L. | B69: Sur | C69: Multibrand | D69: LW | G69: 69.5 | H69: 2089385.4 | AC69: =AA69+Y69+W69+U69+S69+Q69+O69+M69+K69+I69+G69+E69 -> 69.5 | AD69: =AB69+Z69+X69+V69+T69+R69+P69+N69+L69+J69+H69+F69 -> 2089385.4 | AE69: =E69+G69+I69 -> 69.5 | AF69: =(F69+H69+J69)/$AF$4 -> 1478.5515 | AG69: =K69+M69+O69 -> 0 | AH69: =(L69+N69+P69)/$AH$4 -> #DIV/0! | AI69: =U69+S69+Q69 -> 0 | AJ69: =(V69+T69+R69)/$AJ$4 -> #DIV/0! | AK69: =W69+Y69+AA69 -> 0 | AL69: =(X69+Z69+AB69)/$AL$4 -> #DIV/0!
A70: ANTONIO LUQUIN S.A.C.I.F.I | B70: NOA | C70: Multibrand | D70: LW | E70: 3191.334 | F70: 65609738 | G70: 4436 | H70: 90849021 | I70: 4754 | J70: 1.0156727e+08 | K70: -1.667 | L70: -36371.76 | M70: 2615.5 | N70: 56676407 | O70: 2976.5 | P70: 64414783 | Q70: 5471 | R70: 1.2139174e+08 | AC70: =AA70+Y70+W70+U70+S70+Q70+O70+M70+K70+I70+G70+E70 -> 23442.667 | AD70: =AB70+Z70+X70+V70+T70+R70+P70+N70+L70+J70+H70+F70 -> 5.004726e+08 | AE70: =E70+G70+I70 -> 12381.334 | AF70: =(F70+H70+J70)/$AF$4 -> 182591.87 | AG70: =K70+M70+O70 -> 5590.333 | AH70: =(L70+N70+P70)/$AH$4 -> #DIV/0! | AI70: =U70+S70+Q70 -> 5471 | AJ70: =(V70+T70+R70)/$AJ$4 -> #DIV/0! | AK70: =W70+Y70+AA70 -> 0 | AL70: =(X70+Z70+AB70)/$AL$4 -> #DIV/0!
A71: MARATHON SRL | B71: NOA | C71: Multibrand | D71: LW | E71: 686 | F71: 15365454 | I71: 1092 | J71: 25945869 | K71: 753 | L71: 18942341 | M71: 1034 | N71: 27935045 | O71: 522 | P71: 13430414 | Q71: 1122.75 | R71: 27030897 | AC71: =AA71+Y71+W71+U71+S71+Q71+O71+M71+K71+I71+G71+E71 -> 5209.75 | AD71: =AB71+Z71+X71+V71+T71+R71+P71+N71+L71+J71+H71+F71 -> 1.2865002e+08 | AE71: =E71+G71+I71 -> 1778 | AF71: =(F71+H71+J71)/$AF$4 -> 29233.918 | AG71: =K71+M71+O71 -> 2309 | AH71: =(L71+N71+P71)/$AH$4 -> #DIV/0! | AI71: =U71+S71+Q71 -> 1122.75 | AJ71: =(V71+T71+R71)/$AJ$4 -> #DIV/0! | AK71: =W71+Y71+AA71 -> 0 | AL71: =(X71+Z71+AB71)/$AL$4 -> #DIV/0!
A72: MC. CENTER TUCUMAN SRL | B72: NOA | C72: Multibrand | D72: LW | E72: -1 | F72: -186368.69 | I72: 166 | J72: 4045264.6 | K72: 43.5 | L72: 948977.57 | M72: 158 | N72: 3766130 | O72: 84.5 | P72: 2119969.6 | AC72: =AA72+Y72+W72+U72+S72+Q72+O72+M72+K72+I72+G72+E72 -> 451 | AD72: =AB72+Z72+X72+V72+T72+R72+P72+N72+L72+J72+H72+F72 -> 10693973 | AE72: =E72+G72+I72 -> 165 | AF72: =(F72+H72+J72)/$AF$4 -> 2730.744 | AG72: =K72+M72+O72 -> 286 | AH72: =(L72+N72+P72)/$AH$4 -> #DIV/0! | AI72: =U72+S72+Q72 -> 0 | AJ72: =(V72+T72+R72)/$AJ$4 -> #DIV/0! | AK72: =W72+Y72+AA72 -> 0 | AL72: =(X72+Z72+AB72)/$AL$4 -> #DIV/0!
A73: PACO GARCIA S.A. | B73: NOA | C73: Multibrand | D73: LW | E73: -1 | F73: -39229.73 | G73: 247.5 | H73: 6138428.3 | I73: 150.5 | J73: 3746650.2 | K73: 190 | L73: 4334983 | O73: -1 | P73: -241461.84 | Q73: 263.5 | R73: 6866202.4 | AC73: =AA73+Y73+W73+U73+S73+Q73+O73+M73+K73+I73+G73+E73 -> 849.5 | AD73: =AB73+Z73+X73+V73+T73+R73+P73+N73+L73+J73+H73+F73 -> 20805572 | AE73: =E73+G73+I73 -> 397 | AF73: =(F73+H73+J73)/$AF$4 -> 6967.4054 | AG73: =K73+M73+O73 -> 189 | AH73: =(L73+N73+P73)/$AH$4 -> #DIV/0! | AI73: =U73+S73+Q73 -> 263.5 | AJ73: =(V73+T73+R73)/$AJ$4 -> #DIV/0! | AK73: =W73+Y73+AA73 -> 0 | AL73: =(X73+Z73+AB73)/$AL$4 -> #DIV/0!
A74: CHECA JOSEFINA DEL CARMEN | B74: NOA | C74: Multibrand | D74: LW | K74: 31 | L74: 967915.2 | M74: 46 | N74: 1303271.4 | O74: 46 | P74: 1350046.8 | AC74: =AA74+Y74+W74+U74+S74+Q74+O74+M74+K74+I74+G74+E74 -> 123 | AD74: =AB74+Z74+X74+V74+T74+R74+P74+N74+L74+J74+H74+F74 -> 3621233.4 | AE74: =E74+G74+I74 -> 0 | AF74: =(F74+H74+J74)/$AF$4 -> 0 | AG74: =K74+M74+O74 -> 123 | AH74: =(L74+N74+P74)/$AH$4 -> #DIV/0! | AI74: =U74+S74+Q74 -> 0 | AJ74: =(V74+T74+R74)/$AJ$4 -> #DIV/0! | AK74: =W74+Y74+AA74 -> 0 | AL74: =(X74+Z74+AB74)/$AL$4 -> #DIV/0!
A75: BARRIO SPORT SRL | B75: NOA | C75: Multibrand | D75: LW | G75: 41 | H75: 1240446.6 | AC75: =AA75+Y75+W75+U75+S75+Q75+O75+M75+K75+I75+G75+E75 -> 41 | AD75: =AB75+Z75+X75+V75+T75+R75+P75+N75+L75+J75+H75+F75 -> 1240446.6 | AE75: =E75+G75+I75 -> 41 | AF75: =(F75+H75+J75)/$AF$4 -> 877.8008 | AG75: =K75+M75+O75 -> 0 | AH75: =(L75+N75+P75)/$AH$4 -> #DIV/0! | AI75: =U75+S75+Q75 -> 0 | AJ75: =(V75+T75+R75)/$AJ$4 -> #DIV/0! | AK75: =W75+Y75+AA75 -> 0 | AL75: =(X75+Z75+AB75)/$AL$4 -> #DIV/0!
A76: LIMITE DEPORTES S.R.L. | B76: NOA | C76: Multibrand | D76: LW | I76: 412.5 | J76: 10551489 | K76: 147.5 | L76: 3762885.2 | AC76: =AA76+Y76+W76+U76+S76+Q76+O76+M76+K76+I76+G76+E76 -> 560 | AD76: =AB76+Z76+X76+V76+T76+R76+P76+N76+L76+J76+H76+F76 -> 14314374 | AE76: =E76+G76+I76 -> 412.5 | AF76: =(F76+H76+J76)/$AF$4 -> 7466.7508 | AG76: =K76+M76+O76 -> 147.5 | AH76: =(L76+N76+P76)/$AH$4 -> #DIV/0! | AI76: =U76+S76+Q76 -> 0 | AJ76: =(V76+T76+R76)/$AJ$4 -> #DIV/0! | AK76: =W76+Y76+AA76 -> 0 | AL76: =(X76+Z76+AB76)/$AL$4 -> #DIV/0!
A77: MAGNO ALEJANDRO | B77: NOA | C77: Multibrand | D77: LW | G77: 22.5 | H77: 516574.2 | AC77: =AA77+Y77+W77+U77+S77+Q77+O77+M77+K77+I77+G77+E77 -> 22.5 | AD77: =AB77+Z77+X77+V77+T77+R77+P77+N77+L77+J77+H77+F77 -> 516574.2 | AE77: =E77+G77+I77 -> 22.5 | AF77: =(F77+H77+J77)/$AF$4 -> 365.55323 | AG77: =K77+M77+O77 -> 0 | AH77: =(L77+N77+P77)/$AH$4 -> #DIV/0! | AI77: =U77+S77+Q77 -> 0 | AJ77: =(V77+T77+R77)/$AJ$4 -> #DIV/0! | AK77: =W77+Y77+AA77 -> 0 | AL77: =(X77+Z77+AB77)/$AL$4 -> #DIV/0!
A78: DEPORTES ANTONIO BALNCO S.A. | B78: NOA | C78: Multibrand | D78: LW | E78: 120 | F78: 2674508.6 | I78: 272 | J78: 6399480.4 | K78: 168.5 | L78: 4236419.3 | M78: 91 | N78: 2462335.5 | O78: 54 | P78: 1420355 | Q78: 90 | R78: 2205676 | AC78: =AA78+Y78+W78+U78+S78+Q78+O78+M78+K78+I78+G78+E78 -> 795.5 | AD78: =AB78+Z78+X78+V78+T78+R78+P78+N78+L78+J78+H78+F78 -> 19398775 | AE78: =E78+G78+I78 -> 392 | AF78: =(F78+H78+J78)/$AF$4 -> 6421.1995 | AG78: =K78+M78+O78 -> 313.5 | AH78: =(L78+N78+P78)/$AH$4 -> #DIV/0! | AI78: =U78+S78+Q78 -> 90 | AJ78: =(V78+T78+R78)/$AJ$4 -> #DIV/0! | AK78: =W78+Y78+AA78 -> 0 | AL78: =(X78+Z78+AB78)/$AL$4 -> #DIV/0!
A79: CUCCHIARELLI RICARDO | B79: Cuyo | C79: Multibrand | D79: LW | E79: 77 | F79: 1741619.6 | K79: 35.5 | L79: 1105941.4 | O79: 42 | P79: 1029600 | AC79: =AA79+Y79+W79+U79+S79+Q79+O79+M79+K79+I79+G79+E79 -> 154.5 | AD79: =AB79+Z79+X79+V79+T79+R79+P79+N79+L79+J79+H79+F79 -> 3877161 | AE79: =E79+G79+I79 -> 77 | AF79: =(F79+H79+J79)/$AF$4 -> 1232.4554 | AG79: =K79+M79+O79 -> 77.5 | AH79: =(L79+N79+P79)/$AH$4 -> #DIV/0! | AI79: =U79+S79+Q79 -> 0 | AJ79: =(V79+T79+R79)/$AJ$4 -> #DIV/0! | AK79: =W79+Y79+AA79 -> 0 | AL79: =(X79+Z79+AB79)/$AL$4 -> #DIV/0!
A80: TESI S.A. | B80: Cuyo | C80: Multibrand | D80: LW | G80: 379 | H80: 8301890.1 | I80: 194.5 | J80: 5129520.2 | K80: 313 | L80: 8994187 | M80: 323.5 | N80: 9191741.7 | O80: 357 | P80: 10110786 | Q80: -62 | R80: -1703997.5 | AC80: =AA80+Y80+W80+U80+S80+Q80+O80+M80+K80+I80+G80+E80 -> 1505 | AD80: =AB80+Z80+X80+V80+T80+R80+P80+N80+L80+J80+H80+F80 -> 40024128 | AE80: =E80+G80+I80 -> 573.5 | AF80: =(F80+H80+J80)/$AF$4 -> 9504.7244 | AG80: =K80+M80+O80 -> 993.5 | AH80: =(L80+N80+P80)/$AH$4 -> #DIV/0! | AI80: =U80+S80+Q80 -> -62 | AJ80: =(V80+T80+R80)/$AJ$4 -> #DIV/0! | AK80: =W80+Y80+AA80 -> 0 | AL80: =(X80+Z80+AB80)/$AL$4 -> #DIV/0!
A81: TUTUCA S.A. | B81: Cuyo | C81: Multibrand | D81: LW | O81: 31 | P81: 892245.6 | AC81: =AA81+Y81+W81+U81+S81+Q81+O81+M81+K81+I81+G81+E81 -> 31 | AD81: =AB81+Z81+X81+V81+T81+R81+P81+N81+L81+J81+H81+F81 -> 892245.6 | AE81: =E81+G81+I81 -> 0 | AF81: =(F81+H81+J81)/$AF$4 -> 0 | AG81: =K81+M81+O81 -> 31 | AH81: =(L81+N81+P81)/$AH$4 -> #DIV/0! | AI81: =U81+S81+Q81 -> 0 | AJ81: =(V81+T81+R81)/$AJ$4 -> #DIV/0! | AK81: =W81+Y81+AA81 -> 0 | AL81: =(X81+Z81+AB81)/$AL$4 -> #DIV/0!
A82: NOLASCO ARIEL | B82: Cuyo | C82: Multibrand | D82: LW | E82: 36 | F82: 897165.6 | AC82: =AA82+Y82+W82+U82+S82+Q82+O82+M82+K82+I82+G82+E82 -> 36 | AD82: =AB82+Z82+X82+V82+T82+R82+P82+N82+L82+J82+H82+F82 -> 897165.6 | AE82: =E82+G82+I82 -> 36 | AF82: =(F82+H82+J82)/$AF$4 -> 634.87836 | AG82: =K82+M82+O82 -> 0 | AH82: =(L82+N82+P82)/$AH$4 -> #DIV/0! | AI82: =U82+S82+Q82 -> 0 | AJ82: =(V82+T82+R82)/$AJ$4 -> #DIV/0! | AK82: =W82+Y82+AA82 -> 0 | AL82: =(X82+Z82+AB82)/$AL$4 -> #DIV/0!
A83: SALINAS MABEL S.A. | B83: Cuyo | C83: Multibrand | D83: LW | O83: 229 | P83: 6483083.3 | AC83: =AA83+Y83+W83+U83+S83+Q83+O83+M83+K83+I83+G83+E83 -> 229 | AD83: =AB83+Z83+X83+V83+T83+R83+P83+N83+L83+J83+H83+F83 -> 6483083.3 | AE83: =E83+G83+I83 -> 0 | AF83: =(F83+H83+J83)/$AF$4 -> 0 | AG83: =K83+M83+O83 -> 229 | AH83: =(L83+N83+P83)/$AH$4 -> #DIV/0! | AI83: =U83+S83+Q83 -> 0 | AJ83: =(V83+T83+R83)/$AJ$4 -> #DIV/0! | AK83: =W83+Y83+AA83 -> 0 | AL83: =(X83+Z83+AB83)/$AL$4 -> #DIV/0!
A84: QUEVEDO TEODORO | B84: Cuyo | C84: Multibrand | D84: LW | G84: 14 | H84: 512576.4 | AC84: =AA84+Y84+W84+U84+S84+Q84+O84+M84+K84+I84+G84+E84 -> 14 | AD84: =AB84+Z84+X84+V84+T84+R84+P84+N84+L84+J84+H84+F84 -> 512576.4 | AE84: =E84+G84+I84 -> 14 | AF84: =(F84+H84+J84)/$AF$4 -> 362.72419 | AG84: =K84+M84+O84 -> 0 | AH84: =(L84+N84+P84)/$AH$4 -> #DIV/0! | AI84: =U84+S84+Q84 -> 0 | AJ84: =(V84+T84+R84)/$AJ$4 -> #DIV/0! | AK84: =W84+Y84+AA84 -> 0 | AL84: =(X84+Z84+AB84)/$AL$4 -> #DIV/0!
A85: Pueblo S.A. | B85: Cuyo | C85: Multibrand | D85: LW | G85: 270 | H85: 6028971.6 | I85: 193.5 | J85: 4856422 | K85: 170 | L85: 4486396.6 | M85: 145 | N85: 4152475.2 | O85: 193 | P85: 5275603.7 | Q85: -14 | R85: -408729.5 | AC85: =AA85+Y85+W85+U85+S85+Q85+O85+M85+K85+I85+G85+E85 -> 957.5 | AD85: =AB85+Z85+X85+V85+T85+R85+P85+N85+L85+J85+H85+F85 -> 24391140 | AE85: =E85+G85+I85 -> 463.5 | AF85: =(F85+H85+J85)/$AF$4 -> 7703.0382 | AG85: =K85+M85+O85 -> 508 | AH85: =(L85+N85+P85)/$AH$4 -> #DIV/0! | AI85: =U85+S85+Q85 -> -14 | AJ85: =(V85+T85+R85)/$AJ$4 -> #DIV/0! | AK85: =W85+Y85+AA85 -> 0 | AL85: =(X85+Z85+AB85)/$AL$4 -> #DIV/0!
A86: SOTO RAMIRO RODOLFO | B86: Cuyo | C86: Multibrand | D86: LW | O86: 35 | P86: 1192554 | AC86: =AA86+Y86+W86+U86+S86+Q86+O86+M86+K86+I86+G86+E86 -> 35 | AD86: =AB86+Z86+X86+V86+T86+R86+P86+N86+L86+J86+H86+F86 -> 1192554 | AE86: =E86+G86+I86 -> 0 | AF86: =(F86+H86+J86)/$AF$4 -> 0 | AG86: =K86+M86+O86 -> 35 | AH86: =(L86+N86+P86)/$AH$4 -> #DIV/0! | AI86: =U86+S86+Q86 -> 0 | AJ86: =(V86+T86+R86)/$AJ$4 -> #DIV/0! | AK86: =W86+Y86+AA86 -> 0 | AL86: =(X86+Z86+AB86)/$AL$4 -> #DIV/0!
A87: MABEL SALINAS | B87: Cuyo | C87: Multibrand | D87: LW | O87: 866 | P87: 24253576 | AC87: =AA87+Y87+W87+U87+S87+Q87+O87+M87+K87+I87+G87+E87 -> 866 | AD87: =AB87+Z87+X87+V87+T87+R87+P87+N87+L87+J87+H87+F87 -> 24253576 | AE87: =E87+G87+I87 -> 0 | AF87: =(F87+H87+J87)/$AF$4 -> 0 | AG87: =K87+M87+O87 -> 866 | AH87: =(L87+N87+P87)/$AH$4 -> #DIV/0! | AI87: =U87+S87+Q87 -> 0 | AJ87: =(V87+T87+R87)/$AJ$4 -> #DIV/0! | AK87: =W87+Y87+AA87 -> 0 | AL87: =(X87+Z87+AB87)/$AL$4 -> #DIV/0!
A88: OULET CENTER SRL | B88: Cuyo | C88: Multibrand | D88: LW | O88: 6.5 | P88: 225063.36 | AC88: =AA88+Y88+W88+U88+S88+Q88+O88+M88+K88+I88+G88+E88 -> 6.5 | AD88: =AB88+Z88+X88+V88+T88+R88+P88+N88+L88+J88+H88+F88 -> 225063.36 | AE88: =E88+G88+I88 -> 0 | AF88: =(F88+H88+J88)/$AF$4 -> 0 | AG88: =K88+M88+O88 -> 6.5 | AH88: =(L88+N88+P88)/$AH$4 -> #DIV/0! | AI88: =U88+S88+Q88 -> 0 | AJ88: =(V88+T88+R88)/$AJ$4 -> #DIV/0! | AK88: =W88+Y88+AA88 -> 0 | AL88: =(X88+Z88+AB88)/$AL$4 -> #DIV/0!
A89: PALACIO LAURA CECILIA | B89: Cuyo | C89: Multibrand | D89: LW | I89: 9 | J89: 269829.6 | M89: 4 | N89: 116914.8 | AC89: =AA89+Y89+W89+U89+S89+Q89+O89+M89+K89+I89+G89+E89 -> 13 | AD89: =AB89+Z89+X89+V89+T89+R89+P89+N89+L89+J89+H89+F89 -> 386744.4 | AE89: =E89+G89+I89 -> 9 | AF89: =(F89+H89+J89)/$AF$4 -> 190.94465 | AG89: =K89+M89+O89 -> 4 | AH89: =(L89+N89+P89)/$AH$4 -> #DIV/0! | AI89: =U89+S89+Q89 -> 0 | AJ89: =(V89+T89+R89)/$AJ$4 -> #DIV/0! | AK89: =W89+Y89+AA89 -> 0 | AL89: =(X89+Z89+AB89)/$AL$4 -> #DIV/0!
A90: SIMON Y CIA S.R.L | B90: Cuyo | C90: Multibrand | D90: LW | O90: 50 | P90: 1572207.6 | AC90: =AA90+Y90+W90+U90+S90+Q90+O90+M90+K90+I90+G90+E90 -> 50 | AD90: =AB90+Z90+X90+V90+T90+R90+P90+N90+L90+J90+H90+F90 -> 1572207.6 | AE90: =E90+G90+I90 -> 0 | AF90: =(F90+H90+J90)/$AF$4 -> 0 | AG90: =K90+M90+O90 -> 50 | AH90: =(L90+N90+P90)/$AH$4 -> #DIV/0! | AI90: =U90+S90+Q90 -> 0 | AJ90: =(V90+T90+R90)/$AJ$4 -> #DIV/0! | AK90: =W90+Y90+AA90 -> 0 | AL90: =(X90+Z90+AB90)/$AL$4 -> #DIV/0!
A91: LAFALLA MARIO OSCAR | B91: Cuyo | C91: Multibrand | D91: LW | I91: 23.5 | J91: 796404.9 | K91: -2 | L91: -71138.49 | AC91: =AA91+Y91+W91+U91+S91+Q91+O91+M91+K91+I91+G91+E91 -> 21.5 | AD91: =AB91+Z91+X91+V91+T91+R91+P91+N91+L91+J91+H91+F91 -> 725266.41 | AE91: =E91+G91+I91 -> 23.5 | AF91: =(F91+H91+J91)/$AF$4 -> 563.57515 | AG91: =K91+M91+O91 -> -2 | AH91: =(L91+N91+P91)/$AH$4 -> #DIV/0! | AI91: =U91+S91+Q91 -> 0 | AJ91: =(V91+T91+R91)/$AJ$4 -> #DIV/0! | AK91: =W91+Y91+AA91 -> 0 | AL91: =(X91+Z91+AB91)/$AL$4 -> #DIV/0!
A92: IRDANA S.A. | B92: Cuyo | C92: Multibrand | D92: LW | G92: 38 | H92: 920511.6 | AC92: =AA92+Y92+W92+U92+S92+Q92+O92+M92+K92+I92+G92+E92 -> 38 | AD92: =AB92+Z92+X92+V92+T92+R92+P92+N92+L92+J92+H92+F92 -> 920511.6 | AE92: =E92+G92+I92 -> 38 | AF92: =(F92+H92+J92)/$AF$4 -> 651.39914 | AG92: =K92+M92+O92 -> 0 | AH92: =(L92+N92+P92)/$AH$4 -> #DIV/0! | AI92: =U92+S92+Q92 -> 0 | AJ92: =(V92+T92+R92)/$AJ$4 -> #DIV/0! | AK92: =W92+Y92+AA92 -> 0 | AL92: =(X92+Z92+AB92)/$AL$4 -> #DIV/0!
A93: ARMANDO SPORT S.A.S. | B93: Cuyo | C93: Multibrand | D93: LW | G93: 22.5 | H93: 666715.8 | K93: 28 | L93: 791327.4 | O93: 17 | P93: 606114.6 | AC93: =AA93+Y93+W93+U93+S93+Q93+O93+M93+K93+I93+G93+E93 -> 67.5 | AD93: =AB93+Z93+X93+V93+T93+R93+P93+N93+L93+J93+H93+F93 -> 2064157.8 | AE93: =E93+G93+I93 -> 22.5 | AF93: =(F93+H93+J93)/$AF$4 -> 471.80079 | AG93: =K93+M93+O93 -> 45 | AH93: =(L93+N93+P93)/$AH$4 -> #DIV/0! | AI93: =U93+S93+Q93 -> 0 | AJ93: =(V93+T93+R93)/$AJ$4 -> #DIV/0! | AK93: =W93+Y93+AA93 -> 0 | AL93: =(X93+Z93+AB93)/$AL$4 -> #DIV/0!
A94: BELLETTINI JOSE GUSTAVO | B94: Cuyo | C94: Multibrand | D94: LW | M94: -1 | N94: -55646.48 | AC94: =AA94+Y94+W94+U94+S94+Q94+O94+M94+K94+I94+G94+E94 -> -1 | AD94: =AB94+Z94+X94+V94+T94+R94+P94+N94+L94+J94+H94+F94 -> -55646.48 | AE94: =E94+G94+I94 -> 0 | AF94: =(F94+H94+J94)/$AF$4 -> 0 | AG94: =K94+M94+O94 -> -1 | AH94: =(L94+N94+P94)/$AH$4 -> #DIV/0! | AI94: =U94+S94+Q94 -> 0 | AJ94: =(V94+T94+R94)/$AJ$4 -> #DIV/0! | AK94: =W94+Y94+AA94 -> 0 | AL94: =(X94+Z94+AB94)/$AL$4 -> #DIV/0!
A95: ISRAEL FELER S.A. | B95: Bs As | C95: Multibrand | D95: LW | E95: 1341.333 | F95: 29073724 | G95: 1151.505 | H95: 24820281 | I95: 1147.17 | J95: 26277155 | K95: 729.752 | L95: 17071730 | M95: 578.425 | N95: 13676683 | O95: 639.249 | P95: 15578751 | Q95: 785.587 | R95: 19120574 | AC95: =AA95+Y95+W95+U95+S95+Q95+O95+M95+K95+I95+G95+E95 -> 6373.021 | AD95: =AB95+Z95+X95+V95+T95+R95+P95+N95+L95+J95+H95+F95 -> 1.456189e+08 | AE95: =E95+G95+I95 -> 3640.008 | AF95: =(F95+H95+J95)/$AF$4 -> 56733.043 | AG95: =K95+M95+O95 -> 1947.426 | AH95: =(L95+N95+P95)/$AH$4 -> #DIV/0! | AI95: =U95+S95+Q95 -> 785.587 | AJ95: =(V95+T95+R95)/$AJ$4 -> #DIV/0! | AK95: =W95+Y95+AA95 -> 0 | AL95: =(X95+Z95+AB95)/$AL$4 -> #DIV/0!
A96: MDQ LE SPORT S.A. | B96: Bs As | C96: Multibrand | D96: LW | E96: 206.168 | F96: 4692705.7 | G96: 488.086 | H96: 10748359 | I96: 300.332 | J96: 6452272.7 | K96: 159.42 | L96: 3669850.9 | M96: 78.252 | N96: 1771905.8 | O96: 46.667 | P96: 1157437.5 | AC96: =AA96+Y96+W96+U96+S96+Q96+O96+M96+K96+I96+G96+E96 -> 1278.925 | AD96: =AB96+Z96+X96+V96+T96+R96+P96+N96+L96+J96+H96+F96 -> 28492532 | AE96: =E96+G96+I96 -> 994.586 | AF96: =(F96+H96+J96)/$AF$4 -> 15492.799 | AG96: =K96+M96+O96 -> 284.339 | AH96: =(L96+N96+P96)/$AH$4 -> #DIV/0! | AI96: =U96+S96+Q96 -> 0 | AJ96: =(V96+T96+R96)/$AJ$4 -> #DIV/0! | AK96: =W96+Y96+AA96 -> 0 | AL96: =(X96+Z96+AB96)/$AL$4 -> #DIV/0!
A97: STADIO UNO | B97: Bs As | C97: Multibrand | D97: LW | E97: 5.083 | F97: 120385.75 | G97: 3.25 | H97: 64377.11 | I97: 2 | J97: 41494.32 | K97: 0.333 | L97: 26152.12 | M97: 0.25 | N97: 12858.12 | O97: 0.667 | P97: 27024.24 | AC97: =AA97+Y97+W97+U97+S97+Q97+O97+M97+K97+I97+G97+E97 -> 11.583 | AD97: =AB97+Z97+X97+V97+T97+R97+P97+N97+L97+J97+H97+F97 -> 292291.66 | AE97: =E97+G97+I97 -> 10.333 | AF97: =(F97+H97+J97)/$AF$4 -> 160.11067 | AG97: =K97+M97+O97 -> 1.25 | AH97: =(L97+N97+P97)/$AH$4 -> #DIV/0! | AI97: =U97+S97+Q97 -> 0 | AJ97: =(V97+T97+R97)/$AJ$4 -> #DIV/0! | AK97: =W97+Y97+AA97 -> 0 | AL97: =(X97+Z97+AB97)/$AL$4 -> #DIV/0!
A98: DULIO DEL GRECCO E HIJOS S.R.L | B98: Bs As | C98: Multibrand | D98: LW | I98: 172.5 | J98: 4546827.9 | M98: 147 | N98: 4071588.7 | Q98: 186 | R98: 5223203 | AC98: =AA98+Y98+W98+U98+S98+Q98+O98+M98+K98+I98+G98+E98 -> 505.5 | AD98: =AB98+Z98+X98+V98+T98+R98+P98+N98+L98+J98+H98+F98 -> 13841620 | AE98: =E98+G98+I98 -> 172.5 | AF98: =(F98+H98+J98)/$AF$4 -> 3217.5583 | AG98: =K98+M98+O98 -> 147 | AH98: =(L98+N98+P98)/$AH$4 -> #DIV/0! | AI98: =U98+S98+Q98 -> 186 | AJ98: =(V98+T98+R98)/$AJ$4 -> #DIV/0! | AK98: =W98+Y98+AA98 -> 0 | AL98: =(X98+Z98+AB98)/$AL$4 -> #DIV/0!
A99: MALDJIAN ALEJANDRO | B99: Bs As | C99: Multibrand | D99: LW | K99: 192 | L99: 5205648.1 | AC99: =AA99+Y99+W99+U99+S99+Q99+O99+M99+K99+I99+G99+E99 -> 192 | AD99: =AB99+Z99+X99+V99+T99+R99+P99+N99+L99+J99+H99+F99 -> 5205648.1 | AE99: =E99+G99+I99 -> 0 | AF99: =(F99+H99+J99)/$AF$4 -> 0 | AG99: =K99+M99+O99 -> 192 | AH99: =(L99+N99+P99)/$AH$4 -> #DIV/0! | AI99: =U99+S99+Q99 -> 0 | AJ99: =(V99+T99+R99)/$AJ$4 -> #DIV/0! | AK99: =W99+Y99+AA99 -> 0 | AL99: =(X99+Z99+AB99)/$AL$4 -> #DIV/0!
A100: COPPEL S.A. | B100: Bs As | C100: Multibrand | D100: LW | G100: 428 | H100: 9265185.5 | I100: 678 | J100: 17808161 | K100: 789.75 | L100: 21098831 | AC100: =AA100+Y100+W100+U100+S100+Q100+O100+M100+K100+I100+G100+E100 -> 1895.75 | AD100: =AB100+Z100+X100+V100+T100+R100+P100+N100+L100+J100+H100+F100 -> 48172177 | AE100: =E100+G100+I100 -> 1106 | AF100: =(F100+H100+J100)/$AF$4 -> 19158.427 | AG100: =K100+M100+O100 -> 789.75 | AH100: =(L100+N100+P100)/$AH$4 -> #DIV/0! | AI100: =U100+S100+Q100 -> 0 | AJ100: =(V100+T100+R100)/$AJ$4 -> #DIV/0! | AK100: =W100+Y100+AA100 -> 0 | AL100: =(X100+Z100+AB100)/$AL$4 -> #DIV/0!
...

Sheet input Licensee ooh
A1: Total | J1: =SUM(J36:J5000) -> 0 | K1: =SUM(K36:K5000) -> 0 | L1: =SUM(L4:L5000) -> 0 | M1: =SUM(M4:M5000) -> 0 | N1: =SUM(N4:N5000) -> 0 | O1: =SUM(O4:O5000) -> 0 | P1: =SUM(P4:P5000) -> 0 | Q1: =SUM(Q4:Q5000) -> 0 | R1: =SUM(R4:R5000) -> 0 | S1: =SUM(S4:S5000) -> 0 | ... AI1: =SUM(AI4:AI5000) -> #REF!
J2: units | K2: amounts | L2: units | M2: amounts | N2: units | O2: amounts | P2: units | Q2: amounts | R2: units | S2: amounts | T2: units | U2: amounts | V2: units | W2: amounts | X2: units | Y2: amounts | Z2: units | AA2: amounts | AB2: units | AC2: amounts | AD2: units | AE2: amounts | AF2: units | AG2: amounts
A3: Licencee | B3: Type | C3: Licencee_Country | D3: Currency | E3: Year | F3: Customer | G3: City / Province | H3: Store Type | I3: Product group | J3: 46023 | L3: 46054 | N3: 46082 | P3: 46113 | R3: 46143 | T3: 46174 | V3: 46204 | X3: 46235 | Z3: 46266 | AB3: 46296 | AD3: 46327 | AF3: 46357 | AH3: YTD_Units | AI3: YTD_Sales
A4: Best Sox | B4: 100 | C4: Argentina | D4: ARS | E4: 2015 | AH4: =AF4+AD4+AB4+Z4+X4+V4+T4+R4+P4+N4+L4+'input Licensee sales'!#REF! -> #REF! | AI4: =AG4+AE4+AC4+AA4+Y4+W4+U4+S4+Q4+O4+M4+'input Licensee sales'!#REF! -> #REF!
A5: Best Sox | B5: 100 | C5: Argentina | D5: ARS | E5: 2015 | AH5: =AF5+AD5+AB5+Z5+X5+V5+T5+R5+P5+N5+L5+'input Licensee sales'!#REF! -> #REF! | AI5: =AG5+AE5+AC5+AA5+Y5+W5+U5+S5+Q5+O5+M5+'input Licensee sales'!#REF! -> #REF!
A6: Best Sox | B6: 100 | C6: Argentina | D6: ARS | E6: 2015 | AH6: =AF6+AD6+AB6+Z6+X6+V6+T6+R6+P6+N6+L6+'input Licensee sales'!E5 -> -29.333 | AI6: =AG6+AE6+AC6+AA6+Y6+W6+U6+S6+Q6+O6+M6+'input Licensee sales'!F5 -> -666772.32
A7: Best Sox | B7: 100 | C7: Argentina | D7: ARS | E7: 2015 | AH7: =AF7+AD7+AB7+Z7+X7+V7+T7+R7+P7+N7+L7+'input Licensee sales'!#REF! -> #REF! | AI7: =AG7+AE7+AC7+AA7+Y7+W7+U7+S7+Q7+O7+M7+'input Licensee sales'!#REF! -> #REF!
A8: Best Sox | B8: 100 | C8: Argentina | D8: ARS | E8: 2015 | AH8: =AF8+AD8+AB8+Z8+X8+V8+T8+R8+P8+N8+L8+'input Licensee sales'!#REF! -> #REF! | AI8: =AG8+AE8+AC8+AA8+Y8+W8+U8+S8+Q8+O8+M8+'input Licensee sales'!#REF! -> #REF!
A9: Best Sox | B9: 100 | C9: Argentina | D9: ARS | E9: 2015 | AH9: =AF9+AD9+AB9+Z9+X9+V9+T9+R9+P9+N9+L9+'input Licensee sales'!E6 -> 36.75 | AI9: =AG9+AE9+AC9+AA9+Y9+W9+U9+S9+Q9+O9+M9+'input Licensee sales'!F6 -> 1030690.8
A10: Best Sox | B10: 100 | C10: Argentina | D10: ARS | E10: 2015 | AH10: =AF10+AD10+AB10+Z10+X10+V10+T10+R10+P10+N10+L10+'input Licensee sales'!E7 -> 0 | AI10: =AG10+AE10+AC10+AA10+Y10+W10+U10+S10+Q10+O10+M10+'input Licensee sales'!F7 -> 0
A11: Best Sox | B11: 100 | C11: Argentina | D11: ARS | E11: 2015 | AH11: =AF11+AD11+AB11+Z11+X11+V11+T11+R11+P11+N11+L11+'input Licensee sales'!#REF! -> #REF! | AI11: =AG11+AE11+AC11+AA11+Y11+W11+U11+S11+Q11+O11+M11+'input Licensee sales'!#REF! -> #REF!
A12: Best Sox | B12: 100 | C12: Argentina | D12: ARS | E12: 2015 | AH12: =AF12+AD12+AB12+Z12+X12+V12+T12+R12+P12+N12+L12+'input Licensee sales'!E8 -> 6199 | AI12: =AG12+AE12+AC12+AA12+Y12+W12+U12+S12+Q12+O12+M12+'input Licensee sales'!F8 -> 1.1629085e+08
A13: Best Sox | B13: 100 | C13: Argentina | D13: ARS | E13: 2015 | AH13: =AF13+AD13+AB13+Z13+X13+V13+T13+R13+P13+N13+L13+'input Licensee sales'!#REF! -> #REF! | AI13: =AG13+AE13+AC13+AA13+Y13+W13+U13+S13+Q13+O13+M13+'input Licensee sales'!#REF! -> #REF!
A14: Best Sox | B14: 100 | C14: Argentina | D14: ARS | E14: 2015 | AH14: =AF14+AD14+AB14+Z14+X14+V14+T14+R14+P14+N14+L14+'input Licensee sales'!E9 -> 0 | AI14: =AG14+AE14+AC14+AA14+Y14+W14+U14+S14+Q14+O14+M14+'input Licensee sales'!F9 -> 0
A15: Best Sox | B15: 100 | C15: Argentina | D15: ARS | E15: 2015 | AH15: =AF15+AD15+AB15+Z15+X15+V15+T15+R15+P15+N15+L15+'input Licensee sales'!#REF! -> #REF! | AI15: =AG15+AE15+AC15+AA15+Y15+W15+U15+S15+Q15+O15+M15+'input Licensee sales'!#REF! -> #REF!
A16: Best Sox | B16: 100 | C16: Argentina | D16: ARS | E16: 2015 | AH16: =AF16+AD16+AB16+Z16+X16+V16+T16+R16+P16+N16+L16+'input Licensee sales'!#REF! -> #REF! | AI16: =AG16+AE16+AC16+AA16+Y16+W16+U16+S16+Q16+O16+M16+'input Licensee sales'!#REF! -> #REF!
A17: Best Sox | B17: 100 | C17: Argentina | D17: ARS | E17: 2015 | AH17: =AF17+AD17+AB17+Z17+X17+V17+T17+R17+P17+N17+L17+'input Licensee sales'!#REF! -> #REF! | AI17: =AG17+AE17+AC17+AA17+Y17+W17+U17+S17+Q17+O17+M17+'input Licensee sales'!#REF! -> #REF!
A18: Best Sox | B18: 100 | C18: Argentina | D18: ARS | E18: 2015 | AH18: =AF18+AD18+AB18+Z18+X18+V18+T18+R18+P18+N18+L18+'input Licensee sales'!#REF! -> #REF! | AI18: =AG18+AE18+AC18+AA18+Y18+W18+U18+S18+Q18+O18+M18+'input Licensee sales'!#REF! -> #REF!
A19: Best Sox | B19: 100 | C19: Argentina | D19: ARS | E19: 2015 | AH19: =AF19+AD19+AB19+Z19+X19+V19+T19+R19+P19+N19+L19+'input Licensee sales'!#REF! -> #REF! | AI19: =AG19+AE19+AC19+AA19+Y19+W19+U19+S19+Q19+O19+M19+'input Licensee sales'!#REF! -> #REF!
A20: Best Sox | B20: 100 | C20: Argentina | D20: ARS | E20: 2015 | AH20: =AF20+AD20+AB20+Z20+X20+V20+T20+R20+P20+N20+L20+'input Licensee sales'!E10 -> 0 | AI20: =AG20+AE20+AC20+AA20+Y20+W20+U20+S20+Q20+O20+M20+'input Licensee sales'!F10 -> 0
A21: Best Sox | B21: 100 | C21: Argentina | D21: ARS | E21: 2015 | AH21: =AF21+AD21+AB21+Z21+X21+V21+T21+R21+P21+N21+L21+'input Licensee sales'!E11 -> 0 | AI21: =AG21+AE21+AC21+AA21+Y21+W21+U21+S21+Q21+O21+M21+'input Licensee sales'!F11 -> 0
A22: Best Sox | B22: 100 | C22: Argentina | D22: ARS | E22: 2015 | AH22: =AF22+AD22+AB22+Z22+X22+V22+T22+R22+P22+N22+L22+'input Licensee sales'!E13 -> 0 | AI22: =AG22+AE22+AC22+AA22+Y22+W22+U22+S22+Q22+O22+M22+'input Licensee sales'!F13 -> 0
A23: Best Sox | B23: 100 | C23: Argentina | D23: ARS | E23: 2015 | AH23: =AF23+AD23+AB23+Z23+X23+V23+T23+R23+P23+N23+L23+'input Licensee sales'!E15 -> 126.666 | AI23: =AG23+AE23+AC23+AA23+Y23+W23+U23+S23+Q23+O23+M23+'input Licensee sales'!F15 -> 2620274.3
A24: Best Sox | B24: 100 | C24: Argentina | D24: ARS | E24: 2015 | AH24: =AF24+AD24+AB24+Z24+X24+V24+T24+R24+P24+N24+L24+'input Licensee sales'!E16 -> 0 | AI24: =AG24+AE24+AC24+AA24+Y24+W24+U24+S24+Q24+O24+M24+'input Licensee sales'!F16 -> 0
A25: Best Sox | B25: 100 | C25: Argentina | D25: ARS | E25: 2015 | AH25: =AF25+AD25+AB25+Z25+X25+V25+T25+R25+P25+N25+L25+'input Licensee sales'!E17 -> 0 | AI25: =AG25+AE25+AC25+AA25+Y25+W25+U25+S25+Q25+O25+M25+'input Licensee sales'!F17 -> 0
A26: Best Sox | B26: 100 | C26: Argentina | D26: ARS | E26: 2015 | AH26: =AF26+AD26+AB26+Z26+X26+V26+T26+R26+P26+N26+L26+'input Licensee sales'!E18 -> 0 | AI26: =AG26+AE26+AC26+AA26+Y26+W26+U26+S26+Q26+O26+M26+'input Licensee sales'!F18 -> 0
A27: Best Sox | B27: 100 | C27: Argentina | D27: ARS | E27: 2015 | AH27: =AF27+AD27+AB27+Z27+X27+V27+T27+R27+P27+N27+L27+'input Licensee sales'!E19 -> 0 | AI27: =AG27+AE27+AC27+AA27+Y27+W27+U27+S27+Q27+O27+M27+'input Licensee sales'!F19 -> 0
A28: Best Sox | B28: 100 | C28: Argentina | D28: ARS | E28: 2015 | AH28: =AF28+AD28+AB28+Z28+X28+V28+T28+R28+P28+N28+L28+'input Licensee sales'!E20 -> 0 | AI28: =AG28+AE28+AC28+AA28+Y28+W28+U28+S28+Q28+O28+M28+'input Licensee sales'!F20 -> 0
A29: Best Sox | B29: 100 | C29: Argentina | D29: ARS | E29: 2015 | AH29: =AF29+AD29+AB29+Z29+X29+V29+T29+R29+P29+N29+L29+'input Licensee sales'!#REF! -> #REF! | AI29: =AG29+AE29+AC29+AA29+Y29+W29+U29+S29+Q29+O29+M29+'input Licensee sales'!#REF! -> #REF!
A30: Best Sox | B30: 100 | C30: Argentina | D30: ARS | E30: 2015 | AH30: =AF30+AD30+AB30+Z30+X30+V30+T30+R30+P30+N30+L30+'input Licensee sales'!E21 -> 0 | AI30: =AG30+AE30+AC30+AA30+Y30+W30+U30+S30+Q30+O30+M30+'input Licensee sales'!F21 -> 0
A31: Best Sox | B31: 100 | C31: Argentina | D31: ARS | E31: 2015 | AH31: =AF31+AD31+AB31+Z31+X31+V31+T31+R31+P31+N31+L31+'input Licensee sales'!#REF! -> #REF! | AI31: =AG31+AE31+AC31+AA31+Y31+W31+U31+S31+Q31+O31+M31+'input Licensee sales'!#REF! -> #REF!
A32: Best Sox | B32: 100 | C32: Argentina | D32: ARS | E32: 2015 | AH32: =AF32+AD32+AB32+Z32+X32+V32+T32+R32+P32+N32+L32+'input Licensee sales'!E22 -> 0 | AI32: =AG32+AE32+AC32+AA32+Y32+W32+U32+S32+Q32+O32+M32+'input Licensee sales'!F22 -> 0
A33: Best Sox | B33: 100 | C33: Argentina | D33: ARS | E33: 2015 | AH33: =AF33+AD33+AB33+Z33+X33+V33+T33+R33+P33+N33+L33+'input Licensee sales'!E23 -> 0 | AI33: =AG33+AE33+AC33+AA33+Y33+W33+U33+S33+Q33+O33+M33+'input Licensee sales'!F23 -> 0
A34: Best Sox | B34: 100 | C34: Argentina | D34: ARS | E34: 2015 | AH34: =AF34+AD34+AB34+Z34+X34+V34+T34+R34+P34+N34+L34+'input Licensee sales'!#REF! -> #REF! | AI34: =AG34+AE34+AC34+AA34+Y34+W34+U34+S34+Q34+O34+M34+'input Licensee sales'!#REF! -> #REF!
A35: Best Sox | B35: 100 | C35: Argentina | D35: ARS | E35: 2015 | AH35: =AF35+AD35+AB35+Z35+X35+V35+T35+R35+P35+N35+L35+'input Licensee sales'!E24 -> 0 | AI35: =AG35+AE35+AC35+AA35+Y35+W35+U35+S35+Q35+O35+M35+'input Licensee sales'!F24 -> 0
A36: Best Sox | B36: 100 | C36: Argentina | D36: ARS | E36: 2015 | AH36: =AF36+AD36+AB36+Z36+X36+V36+T36+R36+P36+N36+L36+J36 -> 0 | AI36: =AG36+AE36+AC36+AA36+Y36+W36+U36+S36+Q36+O36+M36+K36 -> 0
A37: Best Sox | B37: 100 | C37: Argentina | D37: ARS | E37: 2015 | AH37: =AF37+AD37+AB37+Z37+X37+V37+T37+R37+P37+N37+L37+J37 -> 0 | AI37: =AG37+AE37+AC37+AA37+Y37+W37+U37+S37+Q37+O37+M37+K37 -> 0
A38: Best Sox | B38: 100 | C38: Argentina | D38: ARS | E38: 2015 | AH38: =AF38+AD38+AB38+Z38+X38+V38+T38+R38+P38+N38+L38+J38 -> 0 | AI38: =AG38+AE38+AC38+AA38+Y38+W38+U38+S38+Q38+O38+M38+K38 -> 0
A39: Best Sox | B39: 100 | C39: Argentina | D39: ARS | E39: 2015 | AH39: =AF39+AD39+AB39+Z39+X39+V39+T39+R39+P39+N39+L39+J39 -> 0 | AI39: =AG39+AE39+AC39+AA39+Y39+W39+U39+S39+Q39+O39+M39+K39 -> 0
A40: Best Sox | B40: 100 | C40: Argentina | D40: ARS | E40: 2015 | AH40: =AF40+AD40+AB40+Z40+X40+V40+T40+R40+P40+N40+L40+J40 -> 0 | AI40: =AG40+AE40+AC40+AA40+Y40+W40+U40+S40+Q40+O40+M40+K40 -> 0
A41: Best Sox | B41: 100 | C41: Argentina | D41: ARS | E41: 2015 | AH41: =AF41+AD41+AB41+Z41+X41+V41+T41+R41+P41+N41+L41+J41 -> 0 | AI41: =AG41+AE41+AC41+AA41+Y41+W41+U41+S41+Q41+O41+M41+K41 -> 0
A42: Best Sox | B42: 100 | C42: Argentina | D42: ARS | E42: 2015 | AH42: =AF42+AD42+AB42+Z42+X42+V42+T42+R42+P42+N42+L42+J42 -> 0 | AI42: =AG42+AE42+AC42+AA42+Y42+W42+U42+S42+Q42+O42+M42+K42 -> 0
A43: Best Sox | B43: 100 | C43: Argentina | D43: ARS | E43: 2015 | AH43: =AF43+AD43+AB43+Z43+X43+V43+T43+R43+P43+N43+L43+J43 -> 0 | AI43: =AG43+AE43+AC43+AA43+Y43+W43+U43+S43+Q43+O43+M43+K43 -> 0
A44: Best Sox | B44: 100 | C44: Argentina | D44: ARS | E44: 2015 | AH44: =AF44+AD44+AB44+Z44+X44+V44+T44+R44+P44+N44+L44+J44 -> 0 | AI44: =AG44+AE44+AC44+AA44+Y44+W44+U44+S44+Q44+O44+M44+K44 -> 0
A45: Best Sox | B45: 100 | C45: Argentina | D45: ARS | E45: 2015 | AH45: =AF45+AD45+AB45+Z45+X45+V45+T45+R45+P45+N45+L45+J45 -> 0 | AI45: =AG45+AE45+AC45+AA45+Y45+W45+U45+S45+Q45+O45+M45+K45 -> 0
A46: Best Sox | B46: 100 | C46: Argentina | D46: ARS | E46: 2015 | AH46: =AF46+AD46+AB46+Z46+X46+V46+T46+R46+P46+N46+L46+J46 -> 0 | AI46: =AG46+AE46+AC46+AA46+Y46+W46+U46+S46+Q46+O46+M46+K46 -> 0
A47: Best Sox | B47: 100 | C47: Argentina | D47: ARS | E47: 2015 | AH47: =AF47+AD47+AB47+Z47+X47+V47+T47+R47+P47+N47+L47+J47 -> 0 | AI47: =AG47+AE47+AC47+AA47+Y47+W47+U47+S47+Q47+O47+M47+K47 -> 0
... A192: Best Sox | B192: 100 | C192: Argentina | D192: ARS | E192: 2015 | AH192: =AF192+AD192+AB192+Z192+X192+V192+T192+R192+P192+N192+L192+J192 -> 0 | AI192: =AG192+AE192+AC192+AA192+Y192+W192+U192+S192+Q192+O192+M192+K192 -> 0

Sheet monthly
B2: Best Sox | D2: 01-2026 | E2: 02-2026 | F2: 03-2026 | G2: 1st quarter | H2: 04-2026 | I2: 05-2026 | J2: 06-2026 | K2: 2nd quarter | L2: 07-2026 | M2: 08-2026 | N2: 09-2026 | O2: 3th quarter | P2: 10-2026 | Q2: 11-2026 | R2: 12-2026 | S2: 4th quarter | T2: FY 2026
B4: dozens | D4: ='input Licensee sales'!E2 -> 14982.584 | E4: ='input Licensee sales'!G2 -> 22213.506 | F4: ='input Licensee sales'!I2 -> 19865.003 | G4: =SUM(D4:F4) -> 57061.093 | H4: ='input Licensee sales'!K2 -> 30709.589 | I4: ='input Licensee sales'!M2 -> 19682.843 | J4: ='input Licensee sales'!O2 -> 19497.333 | K4: =SUM(H4:J4) -> 69889.765 | L4: ='input Licensee sales'!Q2 -> 15145.169 | M4: ='input Licensee sales'!S2 -> 0 | N4: ='input Licensee sales'!U2 -> 0 | O4: =SUM(L4:N4) -> 15145.169 | P4: ='input Licensee sales'!W2 -> 0 | Q4: ='input Licensee sales'!Y2 -> 0 | R4: ='input Licensee sales'!AA2 -> 0 | S4: =SUM(P4:R4) -> 0 | T4: =G4+K4+O4+S4 -> 142096.03
B6: Sales | C6: ARS | D6: ='input Licensee sales'!F2 -> 3.0262652e+08 | E6: ='input Licensee sales'!H2 -> 4.7951415e+08 | F6: ='input Licensee sales'!J2 -> 4.3778361e+08 | G6: =SUM(D6:F6) -> 1.2199243e+09 | H6: ='input Licensee sales'!L2 -> 7.039591e+08 | I6: ='input Licensee sales'!N2 -> 4.6500257e+08 | J6: ='input Licensee sales'!P2 -> 4.8842752e+08 | K6: =SUM(H6:J6) -> 1.6573892e+09 | L6: ='input Licensee sales'!R2 -> 3.6582624e+08 | M6: ='input Licensee sales'!T2 -> 0 | N6: ='input Licensee sales'!V2 -> 0 | O6: =SUM(L6:N6) -> 3.6582624e+08 | P6: ='input Licensee sales'!X2 -> 0 | Q6: ='input Licensee sales'!Z2 -> 0 | R6: ='input Licensee sales'!AB2 -> 0 | S6: =SUM(P6:R6) -> 0 | T6: =G6+K6+O6+S6 -> 3.2431397e+09
C7: 0.13
B8: Royalty | C8: =C6 -> ARS | D8: =$C7*D6 -> 39341448 | E8: =$C7*E6 -> 62336840 | F8: =$C7*F6 -> 56911870 | G8: =SUM(D8:F8) -> 1.5859016e+08 | H8: =$C7*H6 -> 91514683 | I8: =$C7*I6 -> 60450334 | J8: =$C7*J6 -> 63495578 | K8: =SUM(H8:J8) -> 2.1546059e+08 | L8: =$C7*L6 -> 47557411 | M8: =$C7*M6 -> 0 | N8: =$C7*N6 -> 0 | O8: =SUM(L8:N8) -> 47557411 | P8: =$C7*P6 -> 0 | Q8: =$C7*Q6 -> 0 | R8: =$C7*R6 -> 0 | S8: =SUM(P8:R8) -> 0 | T8: =G8+K8+O8+S8 -> 4.2160816e+08
D13: FY 2026
D14: MINIMUM | E14: ACTUAL | F14: FORECAST | G14: EXPECTED total
B15: dozens | C15: #
B16: units | C16: #

Sheet minimum agreed
A1: licensee | B1: country | C1: currency | E1: minimum units
A2: Best Sox | B2: Argentina | C2: USD | D2: 2014 | E2: 2362500
A4: Best Sox | B4: Argentina | C4: # dozens | D4: 2021 | E4: 86540
A5: Best Sox | B5: Argentina | C5: # units | D5: 2021 | E5: 11106
A6: Best Sox | B6: Argentina | C6: # dozens | D6: 2022 | E6: 112502
A7: Best Sox | B7: Argentina | C7: # units | D7: 2022 | E7: 22212
A8: Best Sox | B8: Argentina | C8: # dozens | D8: 2023 | E8: 129378
A9: Best Sox | B9: Argentina | C9: # units | D9: 2023 | E9: 33318
